,EUNIS1,EUNIS2,EUNIS3,Aegean and Western Turkey sclerophyllous and mixed forests,Al-Hajar foothill xeric woodlands and shrublands,Alps conifer and mixed forests,Anatolian conifer and deciduous mixed forests,Appenine deciduous montane forests,Arabian desert,Arabian sand desert,Arabian-Persian Gulf coastal plain desert,Azerbaijan shrub desert and steppe,Azores temperate mixed forests,Balkan mixed forests,Baltic mixed forests,Caledon conifer forests,Canary Islands dry woodlands and forests,Cantabrian mixed forests,Carpathian montane forests,Caspian lowland desert,Caucasus mixed forests,Celtic broadleaf forests,Central Anatolian steppe,Central Anatolian steppe and woodlands,Central European mixed forests,Corsican montane broadleaf and mixed forests,Crete Mediterranean forests,Crimean Submediterranean forest complex,Cyprus Mediterranean forests,Dinaric Mountains mixed forests,East European forest steppe,Eastern Anatolian deciduous forests,Eastern Anatolian montane steppe,Eastern Mediterranean conifer-broadleaf forests,English Lowlands beech forests,European Atlantic mixed forests,Euxine-Colchic broadleaf forests,Faroe Islands boreal grasslands,Iberian conifer forests,Iberian sclerophyllous and semi-deciduous forests,Iceland boreal birch forests and alpine tundra,Illyrian deciduous forests,Indus River Delta-Arabian Sea mangroves,Italian sclerophyllous and semi-deciduous forests,Kazakh forest steppe,Kazakh steppe,Kola Peninsula tundra,Madeira evergreen forests,Mediterranean Acacia-Argania dry woodlands and succulent thickets,Mediterranean dry woodlands and steppe,Nile Delta flooded savanna,North Atlantic moist mixed forests,North Saharan Xeric Steppe and Woodland,Northeast Spain and Southern France Mediterranean forests,Northern Anatolian conifer and deciduous forests,Northwest Iberian montane forests,Northwest Russian-Novaya Zemlya tundra,Pannonian mixed forests,Pindus Mountains mixed forests,Po Basin mixed forests,Pontic steppe,Pyrenees conifer and mixed forests,Rodope montane mixed forests,Russian Arctic desert,Sarmatic mixed forests,Scandinavian Montane Birch forest and grasslands,Scandinavian and Russian taiga,Scandinavian coastal conifer forests,South Apennine mixed montane forests,South Arabian plains and plateau desert,South Iran Nubo-Sindian desert and semi-desert,Southeast Iberian shrubs and woodlands,Southern Anatolian montane conifer and deciduous forests,Southwest Iberian Mediterranean sclerophyllous and mixed forests,Tyrrhenian-Adriatic sclerophyllous and mixed forests,Urals montane forest and taiga,Ussuri broadleaf and mixed forests,West Siberian taiga,Western European broadleaf forests,Western Siberian hemiboreal forests
0,MA2,MA21,MA211,0,0,0,0,0,0,0,0,0,0,0,0,0,0,0,0,0,0,0,0,0,0,0,0,0,0,0,0,0,0,0,0,0,0,0,0,0,0,0,0,0,0,0,2,0,0,0,0,0,0,0,0,0,89,0,0,0,0,0,0,2,0,2,11,0,0,0,0,0,0,0,0,0,0,0,0,0
1,MA2,MA22,MA221,0,0,0,0,0,0,0,0,0,0,0,0,0,0,0,0,0,0,1,0,0,0,0,0,0,0,0,0,0,0,0,0,83,0,0,0,0,0,0,0,0,0,0,0,0,0,0,0,2,0,0,0,0,0,0,0,0,0,0,0,0,0,0,0,0,0,0,0,0,0,0,0,0,0,0,0,0
2,MA2,MA22,MA222,0,0,0,0,0,0,0,0,0,0,0,0,0,0,5,0,0,0,22,0,0,0,0,0,0,0,0,0,0,0,0,3,470,0,0,0,0,0,0,0,0,0,0,0,0,0,0,0,19,0,0,0,0,0,0,0,0,0,0,0,0,0,0,0,0,0,0,0,0,0,0,0,0,0,0,0,0
3,MA2,MA22,MA223,0,0,0,0,0,0,0,0,0,0,0,0,41,0,121,0,0,0,238,0,0,0,0,0,0,0,0,0,0,0,0,5,2719,0,0,0,0,0,0,0,0,0,0,0,0,0,0,0,155,0,0,0,0,0,0,0,0,0,0,0,0,0,0,0,0,0,0,0,0,0,3,0,0,0,0,0,0
4,MA2,MA22,MA224,0,0,0,0,0,0,0,0,0,0,0,0,3,0,178,0,0,0,209,0,0,0,0,0,0,0,0,0,0,0,0,7,2656,0,0,0,0,1,0,0,0,0,0,0,0,1,0,0,48,0,0,0,0,0,0,0,0,0,0,0,0,0,0,0,0,0,0,0,0,0,0,0,0,0,0,0,0
5,MA2,MA22,MA225,0,0,0,0,0,0,0,0,0,0,0,0,0,0,35,0,0,0,20,0,0,0,0,0,0,0,0,0,0,0,0,1,425,0,0,0,0,0,0,0,0,0,0,0,0,0,0,0,0,0,0,0,0,0,0,0,0,0,0,0,0,0,0,0,0,0,0,0,0,0,0,0,0,0,0,0,0
6,MA2,MA23,MA232,0,0,0,0,0,0,0,0,0,0,0,26,0,0,0,0,0,0,0,0,0,3,0,0,0,0,0,0,0,0,0,0,0,0,0,0,0,0,0,0,0,0,0,0,0,0,0,0,0,0,0,0,0,0,0,0,0,0,0,0,0,4,0,38,0,0,0,0,0,0,0,0,0,0,0,0,0
7,MA2,MA24,MA241,0,0,0,0,0,0,0,0,0,0,5,0,0,0,0,0,0,0,0,0,0,0,0,0,1,0,0,0,0,0,0,0,0,1,0,0,0,0,0,0,0,0,0,0,0,0,0,0,0,0,0,0,0,0,0,0,0,1521,0,0,0,0,0,0,0,0,0,0,0,0,0,0,0,0,0,0,0
8,MA2,MA25,MA251,1,0,0,0,0,0,0,0,0,0,0,0,0,0,0,0,0,0,0,0,0,0,0,5,0,1,0,0,0,0,6,0,0,0,0,0,0,0,3,0,16,0,0,0,0,0,0,0,0,0,124,0,0,0,0,0,1,0,0,0,0,0,0,0,0,0,0,0,0,0,0,53,0,0,0,0,0
9,MA2,MA25,MA252,4,0,0,0,0,0,0,0,0,0,1,0,0,0,0,0,0,0,0,0,0,0,0,5,0,0,0,0,0,0,37,0,0,0,0,0,0,0,67,0,85,0,0,0,0,0,0,0,0,0,393,0,0,0,0,0,21,0,0,0,0,0,0,0,0,0,0,0,2,0,0,170,0,0,0,0,0
10,MA2,MA25,MA253,21,0,0,0,0,0,0,0,0,0,2,0,0,0,0,0,0,0,0,0,0,0,0,8,0,0,0,0,0,0,58,0,0,0,0,0,0,0,82,0,141,0,0,0,0,0,0,0,0,0,655,0,0,0,0,0,69,0,0,0,0,0,0,0,0,0,0,0,0,0,0,150,0,0,0,0,0
11,N,N1,N11,0,0,0,0,0,0,0,0,0,0,0,20,2,0,22,0,0,0,18,0,0,12,0,0,0,0,0,0,0,0,0,0,112,0,0,0,0,3,0,0,0,0,0,0,0,0,0,0,21,0,0,0,0,0,0,0,0,0,0,0,0,10,0,1,0,0,0,0,0,0,0,0,0,0,0,0,0
12,N,N1,N12,23,0,0,2,0,0,0,0,0,0,4,0,0,0,0,0,0,0,0,0,0,0,0,24,5,15,0,2,0,0,7,0,0,19,0,0,0,0,11,0,136,0,0,0,1,3,0,0,0,0,56,0,0,0,0,0,6,104,0,0,0,0,0,0,0,0,0,0,0,0,0,159,0,0,0,0,0
13,N,N1,N13,0,0,0,0,0,0,0,0,0,0,0,72,29,0,301,0,0,0,434,0,0,40,0,0,0,0,0,0,0,0,0,12,995,0,0,0,0,0,0,0,0,0,0,0,0,0,0,0,254,0,0,0,0,0,0,0,0,0,0,0,0,29,1,14,0,0,0,0,0,0,63,0,0,0,0,0,0
14,N,N1,N14,105,0,0,4,0,0,0,0,0,0,31,0,0,0,0,0,0,0,0,0,0,0,0,65,0,7,0,2,0,0,4,0,0,29,0,0,2,0,20,0,445,0,0,0,1,3,0,0,0,0,393,0,0,0,0,0,5,24,0,0,0,0,0,0,0,0,0,0,0,0,2,331,0,0,0,0,0
15,N,N1,N15,0,0,0,0,0,0,0,0,0,0,0,94,0,0,361,0,0,0,34,0,0,19,0,0,0,0,0,0,0,0,0,4,1692,0,0,0,0,0,0,0,0,0,0,0,0,0,0,0,29,0,0,0,0,0,0,0,0,0,0,0,0,87,0,2,1,0,0,0,0,0,51,0,0,0,0,0,0
16,N,N1,N16,92,0,0,1,0,0,0,0,0,1,3,0,0,7,0,0,0,0,0,0,0,0,0,54,0,9,0,0,0,0,55,0,0,1,0,0,4,0,19,0,523,0,0,0,3,5,0,0,0,0,412,0,0,0,0,0,43,0,2,0,0,0,0,0,0,0,0,0,0,4,6,412,0,0,0,0,0
17,N,N1,N17,0,0,0,0,0,0,0,0,0,0,34,0,0,0,0,0,0,0,0,0,0,0,0,0,5,0,0,2,0,0,0,0,0,16,0,0,0,0,0,0,0,0,0,0,0,0,0,0,0,0,0,0,0,0,0,0,0,559,0,0,0,0,0,0,0,0,0,0,0,0,0,0,0,0,0,0,0
18,N,N1,N18,0,0,0,0,0,0,0,0,0,0,0,5,1,0,0,0,0,0,44,0,0,0,0,0,0,0,0,0,0,0,0,0,148,0,0,0,0,0,0,0,0,0,0,0,0,0,0,0,1,0,0,0,0,0,0,0,0,0,0,0,0,0,0,0,0,0,0,0,0,0,0,0,0,0,0,0,0
19,N,N1,N19,0,0,0,0,0,0,0,0,0,0,0,0,17,0,13,0,0,0,84,0,0,0,0,0,0,0,0,0,0,0,0,1,63,0,0,0,0,0,0,0,0,0,0,0,0,0,0,0,3,0,0,0,0,0,0,0,0,0,0,0,0,0,0,0,0,0,0,0,0,0,5,0,0,0,0,0,0
20,N,N1,N1A,0,0,0,0,0,0,0,0,0,0,0,12,0,0,46,0,0,0,56,0,0,5,0,0,0,0,0,0,0,0,0,2,2376,0,0,0,0,0,0,0,0,0,0,0,0,0,0,0,9,0,0,0,0,0,0,0,0,0,0,0,0,0,0,0,0,0,0,0,0,0,179,0,0,0,0,0,0
21,N,N1,N1B,14,0,0,0,0,0,0,0,0,0,0,0,0,0,0,0,0,0,0,0,0,0,0,0,0,0,0,0,0,0,0,0,0,0,0,0,0,0,1,0,217,0,0,0,0,0,0,0,0,0,36,0,0,0,0,0,10,26,0,0,0,0,0,0,0,0,0,0,0,0,0,18,0,0,0,0,0
22,N,N1,N1C,0,0,0,0,0,0,0,0,0,0,0,0,0,5,0,0,0,0,0,0,0,0,0,0,0,0,0,0,0,0,0,0,0,0,0,0,0,0,0,0,0,0,0,0,0,7,0,0,0,0,0,0,0,0,0,0,0,0,0,0,0,0,0,0,0,0,0,0,0,0,0,0,0,0,0,0,0
23,N,N1,N1D,0,0,0,0,0,0,0,0,0,0,0,24,0,0,52,0,0,0,21,0,0,5,0,0,0,0,0,0,0,0,0,0,804,0,0,0,0,0,0,0,0,0,0,0,0,0,0,0,3,0,0,0,0,0,0,0,0,0,0,0,0,1,0,0,0,0,0,0,0,0,1,0,0,0,0,0,0
24,N,N1,N1E,0,0,0,0,0,0,0,0,0,0,1,0,0,0,0,0,0,0,0,0,0,0,0,0,0,0,0,0,0,0,0,0,0,0,0,0,0,0,0,0,0,0,0,0,0,0,0,0,0,0,0,0,0,0,0,0,0,17,0,0,0,0,0,0,0,0,0,0,0,0,0,0,0,0,0,0,0
25,N,N1,N1F,0,0,0,0,0,0,0,0,0,0,0,78,0,0,0,0,0,0,0,0,0,18,0,0,0,0,0,0,0,0,0,0,0,0,0,0,0,0,0,0,0,0,0,0,0,0,0,0,0,0,0,0,0,0,0,0,0,0,0,0,0,0,0,0,0,0,0,0,0,0,0,0,0,0,0,0,0
26,N,N1,N1G,10,0,0,0,0,0,0,0,0,0,0,0,0,0,0,0,0,0,0,0,0,0,0,0,0,0,0,0,0,0,0,0,0,0,0,0,0,0,0,0,89,0,0,0,0,0,0,0,0,0,45,0,0,0,0,0,5,0,0,0,0,0,0,0,0,0,0,0,0,0,0,9,0,0,0,0,0
27,N,N1,N1H,0,0,0,0,0,0,0,0,0,0,0,133,0,0,25,0,0,0,194,0,0,4,0,0,0,0,0,0,0,0,0,7,2412,0,0,0,0,0,0,0,0,0,0,0,0,0,0,0,348,0,0,0,0,0,0,0,0,0,0,0,0,0,0,0,0,0,0,0,0,0,10,0,0,0,0,0,0
28,N,N1,N1J,2,0,0,0,0,0,0,0,0,0,1,0,0,0,0,0,0,0,0,0,0,0,0,0,0,0,0,0,0,0,0,0,0,1,0,0,0,0,36,0,46,0,0,0,0,0,0,0,0,0,33,0,0,0,0,0,6,65,0,0,0,0,0,0,0,0,0,0,0,0,0,2,0,0,0,0,0
29,N,N2,N21,0,0,0,0,0,0,0,0,0,0,0,12,0,0,10,0,0,0,11,0,0,2,0,0,0,0,0,0,0,0,0,15,115,0,1,0,0,1,0,0,0,0,0,2,0,0,0,0,11,0,0,0,0,0,0,0,0,0,0,0,3,5,0,22,0,0,0,0,0,0,0,0,0,0,0,0,0
30,N,N2,N22,0,0,0,0,0,0,0,0,0,0,0,0,0,0,0,0,0,0,0,0,0,0,0,0,0,0,0,0,0,0,0,0,0,0,0,0,0,0,0,0,0,0,0,0,0,0,0,0,0,0,15,0,0,0,0,0,0,0,0,0,0,0,0,0,0,0,0,0,0,0,0,32,0,0,0,0,0
31,N,N3,N31,0,0,0,0,0,0,0,0,0,0,0,0,0,0,47,0,0,0,60,0,0,0,0,0,0,0,0,0,0,0,0,24,158,0,0,0,0,0,0,0,0,0,0,0,0,0,0,0,9,0,0,0,0,0,0,0,0,0,0,0,0,1,0,0,0,0,0,0,0,0,0,0,0,0,0,0,0
32,N,N3,N32,16,0,0,0,0,0,0,0,0,0,2,0,0,0,0,0,0,0,0,0,0,0,0,85,4,11,0,0,0,0,2,0,0,2,0,0,0,0,27,0,126,0,0,0,0,0,0,0,0,0,105,0,0,0,0,0,23,51,0,0,0,0,0,0,0,0,0,0,0,0,0,277,0,0,0,0,0
33,N,N3,N33,0,0,0,0,0,0,0,0,0,3,0,0,0,10,0,0,0,0,0,0,0,0,0,0,0,0,0,0,0,0,0,0,0,0,0,0,0,0,0,0,0,0,0,0,1,0,0,0,0,0,0,0,0,0,0,0,0,0,0,0,0,0,0,0,0,0,0,0,0,0,0,0,0,0,0,0,0
34,N,N3,N34,0,0,0,0,0,0,0,0,0,0,0,0,0,0,0,0,0,0,11,0,0,0,0,0,0,0,0,0,0,0,0,1,5,0,0,0,0,0,0,0,0,0,0,0,0,0,0,0,0,0,0,0,0,0,0,0,0,0,0,0,0,0,0,0,0,0,0,0,0,0,0,0,0,0,0,0,0
35,N,N3,N35,1,0,0,0,0,0,0,0,0,0,0,0,0,0,0,0,0,0,0,0,0,0,0,0,4,0,0,0,0,0,0,0,0,1,0,0,0,0,0,0,0,0,0,0,0,0,0,0,0,0,2,0,0,0,0,0,1,55,0,0,0,0,0,0,0,0,0,0,0,0,0,2,0,0,0,0,0
36,P,Pa,Pa,1,0,432,0,3,0,0,0,0,0,21,4,86,0,125,504,0,15,77,0,0,54,5,0,0,0,25,2,0,0,0,2,119,0,0,18,1,0,0,0,1,0,0,0,0,0,0,0,33,0,5,0,109,0,59,10,0,0,115,141,0,14,25,10,0,1,0,0,0,0,0,1,0,0,0,685,0
37,P,Pb,Pb,0,0,268,0,4,0,0,0,0,0,14,0,12,0,6,162,0,3,57,0,0,26,2,2,0,0,71,0,0,0,0,0,49,0,0,0,1,0,0,0,7,0,0,0,0,0,0,0,17,0,4,0,1,0,19,14,0,0,19,14,0,17,5,0,0,0,0,0,0,0,0,9,0,0,0,30,0
38,P,Pc,Pc,0,0,0,0,0,0,0,0,0,0,0,58,0,0,14,1,9,0,23,0,0,32,0,10,0,0,0,0,0,0,2,1,288,0,0,1,23,3,12,0,15,0,0,0,0,0,0,0,13,0,73,0,0,0,10,0,1,15,0,0,0,1,0,5,0,0,0,0,0,0,0,8,0,0,0,37,0
39,P,Pd,Pd,0,0,4,0,1,0,0,0,0,0,20,16,0,0,21,27,5,0,24,0,1,873,0,2,0,0,0,7,0,0,0,11,2178,2,0,8,30,0,3,0,73,0,0,0,0,0,0,0,1,0,43,0,16,0,266,0,40,29,0,3,0,4,0,10,0,7,0,0,0,0,2,33,0,0,0,655,0
40,P,Pe,Pe,0,0,0,0,0,0,0,0,0,0,4,15,0,0,0,6,3,0,0,0,0,190,0,0,0,0,0,0,0,0,0,0,476,0,0,0,1,0,5,0,4,0,0,0,0,0,0,0,0,0,1,0,0,0,54,0,8,1,0,0,0,12,0,0,0,0,0,0,0,0,0,0,0,0,0,23,0
41,P,Pf,Pf,6,0,51,0,26,0,0,0,0,0,30,103,1,0,98,105,210,2,159,0,10,1490,0,12,0,0,11,12,1,3,6,45,8329,16,0,26,186,0,35,0,264,0,0,0,0,0,1,0,13,0,130,5,50,5,505,4,45,65,6,12,0,147,0,43,0,31,0,0,0,3,19,189,0,0,0,2055,0
42,P,Pg,Pg,1,0,44,2,16,0,0,0,0,0,19,24,0,0,22,46,149,4,158,0,11,847,0,1,0,0,5,15,5,3,8,39,2039,7,0,3,34,0,30,0,145,0,0,0,0,0,0,0,17,0,27,3,7,0,262,1,24,55,1,6,0,111,0,15,0,37,0,0,0,6,2,38,0,0,0,800,0
43,P,Ph,Ph,0,0,19,0,1,0,0,0,0,0,5,26,12,0,182,20,6,0,190,0,0,71,5,6,0,0,11,0,0,1,0,8,1569,0,0,9,8,0,0,0,11,0,0,0,0,0,0,0,79,0,23,0,45,0,8,4,4,6,25,3,0,29,0,18,0,4,0,0,0,0,9,32,0,0,0,481,0
44,P,Pi,Pi,0,0,2,0,0,0,0,0,0,0,0,2,0,0,1,2,0,0,4,0,0,10,0,0,0,0,3,0,0,0,0,0,151,0,0,0,0,0,0,0,0,0,0,0,0,0,0,0,0,0,0,0,0,0,0,0,0,0,0,0,0,9,2,2,0,0,0,0,0,0,0,0,0,0,0,18,0
45,P,Pj,Pj,0,0,17,0,3,0,0,0,0,0,2,19,0,0,8,22,40,0,40,0,3,149,0,13,0,0,7,0,0,0,0,3,1090,0,0,2,4,0,4,0,90,0,0,0,0,0,0,0,33,0,79,1,0,0,46,0,7,0,0,0,0,1,0,1,0,0,0,0,0,0,3,6,0,0,0,79,0
46,Q,Q1,Q11,0,0,963,0,0,0,0,0,0,0,0,65,133,0,0,147,0,0,105,0,0,90,0,0,0,0,4,5,0,0,0,0,37,0,0,0,0,0,0,0,0,2,0,5,0,0,0,0,30,0,0,0,0,15,16,0,0,0,15,0,0,219,51,477,13,0,0,0,0,0,0,0,31,0,2,846,0
47,Q,Q1,Q12,0,0,12,0,0,0,0,0,0,0,0,0,13,0,31,0,0,0,208,0,0,0,0,0,0,0,0,0,0,0,0,0,0,0,0,0,0,0,0,0,0,0,0,0,0,0,0,0,184,0,0,0,0,0,0,0,0,0,0,0,0,0,0,0,0,0,0,0,0,0,0,0,0,0,0,0,0
48,Q,Q2,Q21,0,0,0,0,0,0,0,0,0,0,0,19,75,0,58,0,0,0,471,0,0,0,0,0,0,0,0,0,0,0,0,7,627,0,0,0,0,0,0,0,0,0,0,0,0,0,0,0,169,0,0,0,0,0,0,0,0,0,1,0,0,4,10,7,13,0,0,0,0,0,0,0,0,0,0,26,0
49,Q,Q2,Q22,0,0,725,0,14,0,0,0,0,0,8,162,84,0,63,302,0,6,255,0,0,214,0,0,0,0,16,4,0,0,0,6,1483,0,1,3,0,0,0,0,2,1,0,0,0,0,0,0,57,0,0,0,10,0,39,0,0,0,43,45,0,48,24,78,4,0,0,0,0,0,0,0,46,0,3,1223,0
50,Q,Q2,Q23,0,0,0,0,0,0,0,0,0,0,19,0,0,0,0,7,0,0,0,0,0,0,4,0,0,0,0,0,0,0,0,0,0,0,0,2,1,0,0,0,0,0,0,0,0,0,0,0,0,0,0,0,0,0,0,2,0,0,0,81,0,0,0,0,0,0,0,0,0,0,0,0,0,0,0,0,0
51,Q,Q2,Q24,0,0,485,0,38,0,0,0,0,0,19,80,59,0,129,241,0,15,319,0,0,211,1,1,0,0,21,21,0,0,0,2,923,0,2,20,1,21,0,0,0,44,0,10,0,0,0,0,106,0,4,0,33,33,31,0,0,0,225,104,4,62,96,95,9,0,0,0,0,0,0,1,20,0,95,996,10
52,Q,Q2,Q25,0,0,870,0,2,0,0,0,0,0,0,146,7,0,3,99,0,0,83,0,0,192,0,0,0,0,8,39,0,0,0,1,1851,0,0,0,0,1,0,0,0,7,0,9,0,0,0,0,24,0,0,0,3,62,11,0,0,0,0,5,0,137,97,277,10,0,0,0,0,0,0,0,51,0,24,574,16
53,Q,Q4,Q41,0,0,2208,0,10,0,0,0,0,0,15,70,96,0,56,504,0,4,211,0,0,152,0,0,0,0,59,3,0,0,0,3,38,0,0,10,1,6,0,0,1,0,0,1,0,0,0,0,56,0,17,0,1,0,170,7,0,0,233,24,0,79,10,10,3,0,0,0,0,0,0,0,0,0,6,538,0
54,Q,Q4,Q42,0,0,227,0,2,0,0,0,0,0,8,48,24,0,1,213,0,1,28,0,0,142,0,0,0,0,5,5,0,0,0,0,47,0,0,1,0,13,0,0,0,6,0,2,0,0,0,0,21,0,0,0,1,2,13,0,0,0,62,18,3,80,139,240,4,0,0,0,0,0,0,0,47,0,29,459,1
55,Q,Q4,Q43,0,0,145,0,0,0,0,0,0,0,0,35,1,0,5,22,0,0,141,0,0,35,0,0,0,0,43,5,0,0,0,11,26,0,0,0,1,0,0,0,0,2,0,0,0,0,0,0,59,0,2,0,0,0,18,0,0,0,7,0,0,20,0,2,1,0,0,0,0,0,0,0,1,0,19,142,4
56,Q,Q4,Q44,0,0,95,0,0,0,0,0,0,0,0,8,5,0,0,15,0,0,37,0,0,74,0,0,0,0,8,0,0,0,0,0,54,0,0,0,0,15,0,0,0,0,0,0,0,0,0,0,11,0,0,0,0,3,0,0,0,0,1,0,0,54,71,97,4,0,0,0,0,0,0,0,4,0,19,84,1
57,Q,Q4,Q45,0,0,1206,0,0,0,0,0,0,0,0,0,35,0,0,3,0,0,4,0,0,0,0,0,0,0,0,0,0,0,0,0,0,0,0,0,0,13,0,0,0,0,0,1,0,0,0,0,3,0,0,0,0,8,0,0,1,0,8,0,19,0,87,3,0,0,0,0,0,0,0,0,0,0,0,122,0
58,Q,Q4,Q46,0,0,0,0,0,0,0,0,0,0,0,0,0,0,0,26,0,0,0,0,0,0,0,0,0,0,0,0,0,0,0,0,0,0,0,0,0,0,0,0,0,0,0,0,0,0,0,0,0,0,0,0,0,0,0,0,0,0,0,0,0,0,0,0,0,0,0,0,0,0,0,0,0,0,0,0,0
59,Q,Q5,Q51,16,0,209,7,29,0,0,0,0,0,288,605,2,0,171,227,519,2,501,4,25,2983,0,32,6,0,64,139,6,11,64,100,9836,21,0,39,282,0,112,0,480,0,0,0,0,0,0,0,37,0,310,8,20,0,1553,2,82,268,10,58,0,295,0,81,0,17,0,0,0,9,44,135,1,0,1,2242,0
60,Q,Q5,Q52,0,0,53,3,48,0,0,0,0,0,41,275,4,0,262,182,417,6,467,0,6,1548,1,44,0,0,15,57,2,15,3,97,4322,2,0,83,254,0,37,0,215,0,0,0,1,0,0,0,82,0,128,4,166,7,757,9,33,122,33,7,1,109,0,49,0,46,0,0,0,2,62,118,0,1,1,2116,1
61,Q,Q5,Q53,0,0,109,2,47,0,0,0,0,0,53,330,1,6,15,84,142,2,136,2,1,1444,0,9,0,0,50,57,1,2,3,63,1258,1,0,28,44,0,10,0,84,0,0,0,0,0,0,0,2,0,59,2,14,0,686,1,22,40,4,17,0,156,1,14,0,5,0,0,0,0,7,12,0,0,0,1037,1
62,Q,Q5,Q54,4,0,2,5,6,0,0,0,0,0,73,28,0,0,23,17,138,1,0,1,9,222,0,0,0,0,1,58,4,14,1,0,117,2,0,7,139,0,9,0,87,1,0,0,0,0,0,0,0,0,55,3,1,0,367,0,27,128,1,1,0,3,0,0,0,1,0,0,0,0,10,6,0,0,0,87,0
63,Q,Q6,Q61,0,0,22,0,1,0,0,0,0,0,16,37,0,0,24,63,21,0,22,0,0,523,0,0,0,0,15,131,0,1,0,2,741,1,0,0,11,0,1,0,68,22,0,0,0,0,0,0,0,0,11,0,1,0,412,0,33,6,0,5,0,12,0,0,0,0,0,0,0,0,0,20,0,0,1,771,0
64,Q,Q6,Q62,3,0,8,0,1,0,0,0,0,0,5,8,0,0,41,25,4,0,35,3,0,221,4,19,0,0,2,1,0,1,7,7,734,1,0,5,6,0,7,0,90,0,0,0,2,2,0,0,6,0,134,1,26,0,127,1,8,19,1,3,0,6,0,2,0,0,0,0,0,3,4,258,0,0,0,719,0
65,Q,Q6,Q63,0,0,1,2,0,0,0,0,0,0,3,0,0,1,5,0,82,0,0,0,0,2,0,5,0,0,0,7,0,0,1,0,5,3,0,0,19,0,2,0,19,0,0,0,0,2,0,0,0,0,34,0,1,0,95,0,1,38,0,0,0,0,0,0,0,0,0,0,0,2,0,52,0,0,0,0,0
66,R,R1,R11,0,0,17,0,0,0,0,0,0,0,7,0,0,0,0,0,2,0,0,2,0,60,0,0,1,0,0,143,0,0,0,0,0,0,0,0,0,0,0,0,0,0,14,0,0,0,0,0,0,0,0,0,0,0,335,0,1,438,0,0,0,0,0,0,0,0,0,0,0,0,0,0,0,0,0,11,0
67,R,R1,R12,1,0,24,1,0,0,0,0,0,0,20,0,0,0,5,0,1,0,2,0,0,57,0,1,0,0,0,3,0,0,0,1,53,0,0,6,12,0,0,0,1,0,0,0,0,0,0,0,0,0,3,2,11,0,10,0,0,6,13,12,0,5,0,1,0,5,0,0,0,0,0,4,0,0,0,185,0
68,R,R1,R13,9,0,42,2,6,0,0,0,0,0,31,11,0,0,32,16,4,2,13,0,0,295,0,21,2,0,1,7,2,0,0,2,83,0,0,10,12,0,55,0,35,0,0,0,0,0,0,0,0,0,147,0,13,0,137,13,7,36,8,9,0,230,0,1,0,5,0,0,0,3,0,4,0,0,0,414,0
69,R,R1,R14,0,0,1,0,343,0,0,0,0,0,0,0,0,0,0,0,0,0,0,0,0,0,0,0,0,0,0,0,0,0,0,0,0,0,0,0,0,0,0,0,303,0,0,0,0,0,0,0,0,0,0,0,0,0,0,0,0,0,0,0,0,0,0,0,0,63,0,0,0,0,0,21,0,0,0,0,0
70,R,R1,R15,0,0,0,1,0,0,0,0,0,0,0,0,0,0,0,0,0,8,0,0,1,0,0,0,1,0,0,60,12,0,0,0,0,0,0,0,0,0,0,0,0,0,5,0,0,0,0,0,0,0,0,1,0,0,0,0,0,295,0,0,0,0,0,0,0,0,0,0,0,0,0,0,0,0,0,0,0
71,R,R1,R16,28,0,396,0,11,0,0,0,0,0,362,0,0,0,0,484,0,0,0,0,2,608,0,2,0,0,56,0,0,0,0,0,0,0,0,0,0,0,10,0,33,0,0,0,0,0,0,0,0,0,52,2,0,0,990,23,7,12,0,187,0,0,0,0,0,1,0,0,0,2,0,2,0,0,0,437,0
72,R,R1,R17,2,0,0,0,0,0,0,0,0,0,27,0,0,0,0,1,0,0,0,0,0,0,0,0,0,0,3,0,0,0,0,0,0,0,0,0,0,0,0,0,0,0,0,0,0,0,0,0,0,0,0,0,0,0,0,4,0,0,0,4,0,0,0,0,0,0,0,0,0,0,0,0,0,0,0,0,0
73,R,R1,R18,0,0,186,0,0,0,0,0,0,0,0,0,0,0,290,0,0,0,0,0,0,0,0,0,0,0,0,0,0,0,0,1,123,0,0,28,76,0,0,0,137,0,0,0,0,0,0,0,0,0,1034,0,43,0,0,0,0,0,188,0,0,0,0,0,0,0,0,0,0,0,0,0,0,0,0,357,0
74,R,R1,R19,1,0,40,0,43,0,0,0,0,0,30,0,0,0,0,0,0,0,0,0,0,0,0,0,0,0,128,0,0,0,0,0,0,0,0,0,0,0,107,0,138,0,0,0,0,0,0,0,0,0,0,0,0,0,0,11,0,0,0,6,0,0,0,0,0,4,0,0,0,0,0,64,0,0,0,0,0
75,R,R1,R1A,37,0,9135,12,216,0,0,0,0,0,984,237,18,0,835,703,1,100,590,4,60,3135,3,0,69,0,546,471,13,16,0,747,1354,10,0,85,91,0,172,0,523,57,0,0,0,0,0,0,57,0,664,26,66,0,5199,40,7,398,544,408,0,874,0,3,1,4,0,0,0,28,0,33,5,0,25,7845,0
76,R,R1,R1B,8,0,390,22,0,0,0,0,1,0,849,32,0,0,0,71,5,42,0,16,117,1338,0,0,74,0,1,877,13,12,1,0,1,1,0,0,4,0,1,0,1,297,38,0,0,0,0,1,0,0,4,24,0,0,1403,11,0,4754,2,195,0,4,0,0,0,0,0,0,0,11,0,1,7,0,50,82,0
77,R,R1,R1C,0,0,0,0,0,0,0,0,0,0,0,0,0,0,0,0,179,0,0,2,6,0,0,0,1,0,0,5,1,1,0,0,0,0,0,0,0,0,0,0,0,33,134,0,0,0,0,0,0,0,0,0,0,0,0,0,0,380,0,0,0,0,0,0,0,0,0,0,0,0,0,0,0,0,0,0,0
78,R,R1,R1D,28,0,0,12,0,0,0,0,0,0,42,0,0,1,8,0,0,0,0,2,30,0,1,90,0,0,0,0,12,1,14,0,0,1,0,45,50,0,23,0,23,0,0,0,0,0,0,0,0,0,158,13,45,0,0,6,0,2,0,9,0,0,0,0,0,13,0,0,0,12,6,98,0,0,0,2,0
79,R,R1,R1E,2,0,0,2,0,0,0,0,0,0,1,0,0,8,56,0,0,0,0,0,0,0,0,55,0,0,0,0,0,0,2,0,0,0,0,66,473,0,26,0,168,0,0,0,2,1,0,0,0,0,391,0,11,0,0,0,0,0,13,0,0,0,0,0,0,20,0,0,11,2,55,540,0,0,0,0,0
80,R,R1,R1F,2,0,0,2,6,0,0,0,0,0,8,0,0,1,118,0,0,0,0,1,5,0,0,45,0,0,0,0,9,1,8,0,4,0,0,14,139,0,33,0,133,0,0,0,1,0,0,0,0,0,152,5,5,0,1,2,2,0,2,0,0,0,0,0,0,0,0,0,0,4,29,114,0,0,0,0,0
81,R,R1,R1G,0,0,0,0,0,0,0,0,0,0,0,0,0,0,77,0,0,0,0,0,0,0,0,0,0,0,0,0,0,0,0,0,0,0,0,77,1,0,0,0,0,0,0,0,0,0,0,0,0,0,0,0,135,0,0,0,0,0,1,0,0,0,0,0,0,0,0,0,0,0,0,0,0,0,0,0,0
82,R,R1,R1H,0,0,0,0,0,0,0,0,0,0,0,0,0,0,303,0,0,0,0,0,0,0,0,0,0,0,0,0,0,0,0,0,0,0,0,69,58,0,0,0,0,0,0,0,0,0,0,0,0,0,8,0,35,0,0,0,0,0,49,0,0,0,0,0,0,0,0,0,0,0,1,0,0,0,0,0,0
83,R,R1,R1J,0,0,0,0,0,0,0,0,0,0,0,0,0,0,0,0,0,0,0,0,0,0,48,0,0,0,0,0,0,0,0,0,0,0,0,0,0,0,0,0,0,0,0,0,0,0,0,0,0,0,0,0,0,0,0,0,0,0,0,0,0,0,0,0,0,0,0,0,0,0,0,19,0,0,0,0,0
84,R,R1,R1K,50,0,0,0,0,0,0,0,0,0,0,0,0,0,0,0,0,0,0,0,0,0,0,2,0,0,1,0,0,0,0,0,0,0,0,0,0,0,21,0,0,0,0,0,0,0,0,0,0,0,0,0,0,0,0,142,0,0,0,0,0,0,0,0,0,0,0,0,0,0,0,0,0,0,0,0,0
85,R,R1,R1L,0,0,0,0,0,0,0,0,0,0,0,0,0,0,0,0,0,0,0,0,0,0,0,0,0,0,0,0,0,0,0,0,0,0,0,0,0,0,0,0,0,0,0,0,4,0,0,0,0,0,0,0,0,0,0,0,0,0,0,0,0,0,0,0,0,0,0,0,0,0,0,0,0,0,0,0,0
86,R,R1,R1M,0,0,1216,0,9,0,0,0,0,0,11,17,35,0,243,134,0,2,146,0,0,111,4,0,0,0,24,1,0,0,0,0,867,0,5,11,4,0,0,0,10,0,0,0,0,0,0,0,49,0,2,0,24,0,405,4,0,0,33,17,0,24,1,1,1,6,0,0,0,0,0,0,0,0,0,741,0
87,R,R1,R1N,0,0,0,0,0,0,0,0,0,0,0,0,0,0,2,0,0,0,0,0,0,0,0,0,0,0,0,0,0,0,0,0,0,0,0,35,5,0,0,0,0,0,0,0,0,0,0,0,0,0,0,0,72,0,0,0,0,0,1,0,0,0,0,0,0,0,0,0,0,0,0,0,0,0,0,0,0
88,R,R1,R1P,2,0,26,4,4,0,0,0,0,0,25,239,0,0,19,4,0,1,7,0,1,922,0,0,0,0,1,63,0,0,1,2,1635,0,0,8,56,0,0,0,3,0,0,0,1,0,0,0,1,0,26,2,63,0,145,2,2,4,8,13,0,153,0,1,0,2,0,0,0,0,4,4,0,0,0,636,0
89,R,R1,R1Q,0,0,0,0,0,0,0,0,0,0,0,54,0,0,0,0,0,0,3,0,0,349,0,0,0,0,0,1,0,0,0,0,1308,0,0,0,1,0,0,0,0,0,0,0,0,0,0,0,0,0,5,0,19,0,58,0,11,0,0,0,0,5,0,0,0,0,0,0,0,0,0,0,0,0,0,81,0
90,R,R1,R1R,18,0,0,0,0,0,0,0,0,2,118,0,0,5,34,0,0,0,0,0,0,0,4,10,0,0,0,0,0,0,0,0,108,0,0,59,152,0,0,0,167,0,0,0,1,0,0,0,0,0,361,1,217,0,0,1,0,0,0,17,0,0,0,0,0,4,0,0,0,0,15,168,0,0,0,36,0
91,R,R1,R1S,0,0,56,0,0,0,0,0,0,0,0,0,0,0,0,0,0,0,0,0,0,4,0,0,0,0,0,0,0,0,0,0,2,0,0,0,0,0,0,0,0,0,0,0,0,0,0,0,0,0,0,0,0,0,10,0,0,0,1,0,0,0,0,0,0,0,0,0,0,0,0,0,0,0,0,32,0
92,R,R2,R21,14,0,15426,1,131,0,0,0,0,0,110,260,104,0,595,414,0,1,1996,0,1,914,1,4,0,0,40,179,0,0,0,546,12694,2,0,87,57,2,7,0,55,1,0,1,0,0,0,0,1853,0,64,2,121,0,3857,4,17,1,274,148,0,176,6,51,3,48,0,1,0,2,1,7,3,0,0,8819,0
93,R,R2,R22,4,0,24490,6,85,0,0,0,0,0,339,597,99,0,755,1780,0,8,2653,0,0,5165,1,0,1,0,315,599,0,3,0,1165,18281,0,2,89,49,0,49,0,130,0,0,5,0,0,0,0,802,0,259,1,191,0,13230,7,18,27,311,417,0,2140,14,288,7,18,0,0,0,0,1,3,16,0,2,29060,0
94,R,R2,R23,0,0,4520,0,13,0,0,0,0,0,5,0,4,0,7,793,0,0,2,0,0,37,0,0,0,0,35,0,0,0,0,0,2,0,0,1,1,0,0,0,0,0,0,0,0,0,0,0,0,0,35,0,0,0,25,0,0,0,255,3,0,1,21,10,0,1,0,0,0,0,0,0,0,0,0,1812,0
95,R,R2,R24,0,0,0,0,0,0,0,0,0,0,0,0,0,0,2,0,0,0,0,0,0,0,0,0,0,0,0,0,0,0,0,0,0,0,0,58,28,0,0,0,0,0,0,0,0,0,0,0,0,0,0,0,89,0,0,0,0,0,0,0,0,0,0,0,0,0,0,0,0,0,3,0,0,0,0,0,0
96,R,R3,R31,12,0,0,1,0,0,0,0,0,0,0,0,0,2,99,0,0,0,0,0,0,0,0,40,0,0,0,0,0,0,17,0,0,4,0,132,299,0,16,0,82,0,0,0,0,1,0,0,0,0,181,0,33,0,0,0,8,0,40,0,0,0,0,0,0,4,0,0,2,0,60,117,0,0,0,0,0
97,R,R3,R32,0,0,0,0,0,0,0,0,0,0,0,0,0,0,38,0,0,0,0,0,0,0,0,0,0,0,0,0,0,0,0,0,0,0,0,8,21,0,0,0,6,0,0,0,0,0,0,0,0,0,32,0,0,0,0,0,0,0,2,0,0,0,0,0,0,0,0,0,0,0,0,1,0,0,0,3,0
98,R,R3,R33,0,0,0,0,0,0,0,0,0,0,0,0,0,0,6,0,0,0,0,0,0,0,0,0,0,0,0,0,0,0,0,0,0,0,0,142,34,0,0,0,0,0,0,0,0,0,0,0,0,0,0,0,258,0,0,0,0,0,0,0,0,0,0,0,0,0,0,0,0,0,0,0,0,0,0,0,0
99,R,R3,R34,1,0,0,1,7,0,0,0,0,0,184,0,0,0,0,1,0,0,0,0,0,0,0,6,0,0,3,0,0,0,0,0,0,1,0,0,0,0,28,0,22,0,0,0,0,0,0,0,0,0,7,0,0,0,66,1,0,0,0,7,0,0,0,0,0,0,0,0,0,0,2,5,0,0,0,3,0
100,R,R3,R35,0,0,4486,0,7,0,0,0,0,0,79,651,22,0,156,1051,323,6,1154,0,0,2115,0,0,0,0,30,210,0,4,0,650,5174,0,0,41,23,0,5,0,7,0,0,0,0,0,0,0,178,0,20,1,71,0,2709,1,2,290,74,132,0,319,8,116,0,0,0,0,0,0,12,9,6,0,0,5964,0
101,R,R3,R36,2,0,55,4,20,0,0,0,0,0,74,193,2,0,475,260,7,0,508,0,0,738,0,10,2,0,42,248,1,3,0,181,6396,3,0,129,240,0,14,0,98,15,0,0,1,0,0,0,136,0,205,1,134,2,1016,6,6,34,100,28,0,56,1,6,0,8,0,0,2,2,32,57,5,0,3,894,0
102,R,R3,R37,0,0,2667,0,15,0,0,0,0,0,12,95,38,0,173,97,0,2,967,0,0,553,0,0,0,0,71,3,0,0,0,162,1689,0,2,42,11,0,3,0,3,0,0,0,0,0,0,0,317,0,49,0,70,0,600,1,0,0,140,19,0,115,2,2,0,0,0,0,0,0,16,1,0,0,0,2501,0
103,R,R4,R41,0,0,925,0,11,0,0,0,0,0,2,0,8,0,0,123,0,48,0,0,0,0,0,0,0,0,30,0,0,0,0,0,0,0,2,0,0,0,0,0,0,0,0,0,0,0,0,0,0,0,0,0,0,0,1,1,0,0,81,46,86,0,72,0,0,0,0,0,0,0,0,0,0,0,0,1,0
104,R,R4,R42,0,0,9321,0,0,0,0,0,0,0,0,0,62,0,0,0,0,0,4,0,0,0,0,0,0,0,0,0,0,0,0,0,0,0,5,0,0,2,0,0,0,0,0,0,0,0,0,0,10,0,0,0,0,3,16,0,0,0,0,0,20,0,272,1,0,0,0,0,0,0,0,0,0,0,0,0,0
105,R,R4,R43,22,0,4003,2,293,0,0,0,0,0,21,0,0,0,87,2045,0,120,0,0,0,1,196,0,0,0,82,0,0,0,0,0,1,4,0,0,1,0,9,0,42,0,0,0,0,0,0,0,0,0,80,11,28,0,15,69,0,0,1870,255,0,0,0,0,0,21,0,0,0,6,0,1,0,0,0,311,0
106,R,R4,R44,5,0,11816,3,105,0,0,0,0,0,3,0,0,0,60,615,0,36,6,0,0,1,1,0,0,0,705,0,0,0,0,0,0,1,0,0,1,1,0,0,6,0,0,0,0,0,0,0,0,0,145,6,0,17,13,18,6,0,181,8,2,0,5,0,0,3,0,0,0,9,0,0,0,0,0,433,0
107,R,R4,R45,56,0,0,13,632,0,0,0,0,0,155,0,0,0,0,0,0,0,0,3,7,0,0,0,0,0,219,0,23,0,0,0,0,0,0,0,0,0,29,0,43,0,0,0,0,0,0,0,0,0,0,3,0,0,1,268,0,0,0,115,0,0,0,0,0,42,0,0,0,5,0,13,0,0,0,0,0
108,R,R5,R51,0,0,104,0,7,0,0,0,0,0,15,13,0,0,4,70,0,1,5,0,0,175,0,0,0,0,36,7,0,1,0,0,33,1,0,7,11,0,19,0,13,1,0,0,1,0,0,0,0,0,28,0,0,0,133,5,0,7,4,7,0,85,0,7,0,0,0,0,0,0,4,0,0,0,0,184,0
109,R,R5,R52,0,0,4,0,3,0,0,0,0,0,0,4,0,0,8,5,0,1,10,0,0,19,0,0,0,0,0,0,0,0,0,1,141,0,0,0,0,0,0,0,0,0,0,0,0,0,0,0,0,0,5,0,3,0,19,0,0,0,14,0,0,3,0,1,0,0,0,0,0,0,0,1,0,0,0,226,0
110,R,R5,R53,0,0,0,0,0,0,0,0,0,0,0,0,0,11,1,0,0,0,0,0,0,0,0,0,0,0,0,0,0,0,0,0,0,0,0,0,0,0,0,0,0,0,0,0,3,3,0,0,0,0,0,0,0,0,0,0,0,0,0,0,0,0,0,0,0,0,0,0,0,0,0,0,0,0,0,0,0
111,R,R5,R54,10,0,13,0,7,0,0,0,0,0,14,6,18,1,44,25,0,0,241,0,0,16,7,4,0,0,1,9,0,0,0,23,267,0,0,0,0,0,0,0,17,0,0,0,1,0,0,0,38,0,12,0,3,0,27,1,0,0,36,38,0,24,0,6,0,4,0,0,0,0,0,7,0,0,0,133,0
112,R,R5,R55,1,0,2945,1,58,0,0,0,0,0,78,345,10,0,303,1392,200,4,433,0,1,1420,0,14,2,0,123,244,1,5,0,314,3679,1,0,38,69,0,12,0,174,1,0,0,1,0,0,0,26,0,157,2,40,0,1545,1,13,21,126,72,0,309,0,67,0,15,0,0,0,0,2,29,4,0,1,3228,0
113,R,R5,R56,0,0,722,0,9,0,0,0,0,0,11,0,2,0,14,656,0,30,0,0,0,2,28,0,0,0,131,1,0,0,0,0,0,0,0,9,4,0,0,0,0,0,0,0,0,0,0,0,0,0,1,0,9,0,5,1,0,0,73,40,0,0,6,2,0,1,0,0,0,0,0,0,10,0,0,411,0
114,R,R5,R57,5,0,44,0,6,0,0,0,0,0,49,41,2,0,72,212,0,4,14,0,0,294,1,0,0,0,52,57,0,0,0,3,235,1,0,2,3,0,10,0,34,4,0,1,1,0,0,0,0,0,9,2,17,0,229,0,0,1,4,20,0,94,0,19,0,1,0,0,0,0,0,4,1,0,0,672,0
115,R,R6,R61,0,0,0,3,4,0,0,0,0,0,0,0,0,0,3,0,0,0,0,2,1,0,0,0,0,0,0,0,0,0,2,0,0,0,0,0,137,0,0,0,1,0,0,0,0,1,0,0,0,0,27,0,0,0,0,0,0,0,0,0,0,0,0,0,0,0,0,0,0,0,0,0,0,0,0,0,0
116,R,R6,R62,2,0,0,16,1,0,0,0,0,0,34,0,0,0,0,2,268,0,0,28,19,7,0,1,0,0,0,95,0,1,0,0,0,0,0,0,4,0,0,0,0,24,10,0,0,0,0,0,0,0,0,4,0,0,608,0,0,587,0,0,0,1,0,0,0,0,0,0,0,2,0,0,0,0,0,2,0
117,R,R6,R63,1,0,1,7,3,0,0,0,0,0,20,8,0,0,0,44,126,0,0,11,3,137,0,7,0,0,0,179,0,14,0,0,17,0,0,0,0,0,2,0,13,7,0,0,0,0,0,0,0,0,46,1,0,0,559,0,4,388,0,0,0,4,0,1,0,0,0,0,0,3,0,1,0,1,0,104,0
118,R,R6,R64,1,0,0,0,0,0,0,0,0,0,0,0,0,0,0,0,96,6,0,1,1,0,0,0,0,0,0,0,1,6,5,0,0,0,0,0,0,0,0,0,0,22,9,0,0,0,0,0,0,0,0,0,0,0,0,0,0,110,0,0,0,0,0,0,0,0,0,0,0,0,0,0,0,0,0,0,0
119,R,R6,R65,0,0,0,0,0,0,0,0,0,0,3,0,0,0,0,0,31,0,0,2,0,3,0,0,0,0,0,5,0,0,1,0,0,0,0,0,0,0,0,0,0,0,0,0,0,0,0,0,0,0,0,1,0,0,6,0,0,9,0,0,0,0,0,0,0,0,0,0,0,0,0,0,0,0,0,0,0
120,R,R7,R73,0,0,0,0,0,0,0,0,0,0,0,0,0,0,0,0,0,0,0,0,0,0,0,0,0,0,0,0,0,0,0,0,0,0,0,0,7224,0,0,0,0,0,0,0,0,0,0,0,0,0,0,0,297,0,0,0,0,0,0,0,0,0,0,0,0,0,0,0,0,0,11623,0,0,0,0,0,0
121,S,S1,S11,0,0,0,0,0,0,0,0,0,0,0,0,0,0,0,0,0,0,0,0,0,0,0,0,0,0,0,0,0,0,0,0,0,0,0,0,0,0,0,0,0,0,0,34,0,0,0,0,0,0,0,0,0,115,0,0,0,0,0,0,41,0,742,0,3,0,0,0,0,0,0,0,0,0,0,0,0
122,S,S1,S12,0,0,0,0,0,0,0,0,0,0,0,0,0,0,0,0,0,0,0,0,0,0,0,0,0,0,0,0,0,0,0,0,0,0,0,0,0,0,0,0,0,0,0,1,0,0,0,0,0,0,0,0,0,2,0,0,0,0,0,0,0,0,31,0,0,0,0,0,0,0,0,0,0,0,0,0,0
123,S,S2,S21,0,0,869,0,129,0,0,0,0,0,1,0,40,0,7,331,0,8,17,0,0,0,0,0,0,0,68,0,0,0,0,0,0,0,5,0,0,1,0,0,0,0,0,0,0,0,0,0,11,0,4,0,0,37,0,0,1,0,89,27,85,0,47,0,0,0,0,0,0,0,0,0,0,0,0,6,0
124,S,S2,S22,1,0,12137,0,234,0,0,0,0,0,21,0,26,0,11,785,0,101,67,0,0,2,1,0,0,0,397,0,0,0,0,0,0,13,0,6,2,0,1,0,37,0,0,1,0,0,0,0,20,0,42,11,97,53,9,13,3,1,635,201,49,0,120,4,0,0,0,0,0,0,0,0,1,0,0,266,0
125,S,S2,S23,18,0,220,26,45,0,0,0,0,0,24,0,0,0,25,110,0,7,0,0,2,0,47,0,0,0,26,0,0,1,0,0,0,6,0,32,2,0,2,0,1,0,0,0,0,0,0,0,0,0,12,16,118,0,2,57,2,0,28,197,0,0,47,0,0,8,0,0,0,3,0,4,0,0,0,30,0
126,S,S2,S24,0,0,25,0,32,0,0,0,0,0,2,0,0,0,0,0,0,0,0,0,0,0,0,0,0,0,24,0,0,0,0,0,0,0,0,0,0,0,0,0,9,0,0,0,0,0,0,0,0,0,2,0,0,0,5,9,1,0,0,0,0,0,0,0,0,0,0,0,0,0,0,0,0,0,0,2,0
127,S,S2,S25,0,0,1617,0,11,0,0,0,0,0,0,1,4,0,2,177,0,0,0,0,0,4,37,0,0,0,98,13,0,0,0,0,1,0,0,1,1,0,0,0,5,0,0,2,0,0,0,0,0,0,2,0,0,12,1,0,0,2,7,5,0,7,59,6,1,0,0,0,0,0,0,0,0,0,0,57,0
128,S,S2,S26,0,0,2360,0,108,0,0,0,0,0,2,0,0,0,0,356,0,0,0,0,0,0,0,0,0,0,125,0,0,0,0,0,0,0,0,0,0,0,0,0,0,0,0,0,0,0,0,0,0,0,8,0,0,0,3,0,0,0,0,49,0,0,0,0,0,0,0,0,0,0,0,0,0,0,0,164,0
129,S,S3,S31,4,0,470,3,206,0,0,0,0,0,5,2,40,0,7,13,0,52,20,0,0,12,12,0,0,0,4,0,0,0,0,0,156,0,0,1,2,0,3,0,31,0,0,0,0,0,0,0,3,0,24,1,1,0,307,6,1,0,70,11,0,8,14,9,0,28,0,0,0,0,0,21,0,0,0,45,0
130,S,S3,S32,4,0,80,3,10,0,0,0,0,0,10,52,0,0,8,239,17,0,94,0,0,324,0,0,0,0,16,39,0,0,0,16,1268,0,0,2,11,0,0,0,17,0,0,0,0,0,0,0,2,0,15,1,8,0,96,1,3,6,18,21,0,72,1,24,0,1,0,0,0,0,309,4,0,0,0,337,0
131,S,S3,S33,1,0,6,0,8,0,0,0,0,0,0,21,0,21,46,2,0,0,12,0,0,13,1,0,0,0,1,0,0,0,0,2,147,0,0,153,116,0,0,0,54,0,0,0,2,0,0,0,0,0,38,0,312,0,18,0,0,0,76,0,0,1,0,0,0,13,0,0,0,0,5,50,0,0,0,205,0
132,S,S3,S34,4,0,0,1,0,0,0,0,0,0,78,0,0,0,0,0,0,2,0,0,0,0,0,0,0,0,0,0,0,0,0,0,0,0,0,0,0,0,0,0,0,0,0,0,0,0,0,0,0,0,0,0,0,0,0,0,0,0,0,79,0,0,0,0,0,0,0,0,0,0,0,0,0,0,0,0,0
133,S,S3,S35,8,0,116,2,74,0,0,0,0,0,101,58,4,0,165,140,0,1,150,0,1,430,0,6,1,0,14,55,2,0,1,48,812,2,0,16,37,0,70,0,237,3,0,0,0,0,0,0,1,0,108,5,40,0,452,2,10,114,33,26,0,6,0,1,0,5,0,0,0,1,0,48,0,0,1,670,0
134,S,S3,S36,0,0,0,0,0,0,0,0,0,0,5,0,0,0,0,21,0,0,0,0,0,73,0,0,0,0,0,86,0,0,0,0,0,0,0,0,0,0,0,0,0,10,1,0,0,0,0,0,0,0,0,0,0,0,142,1,0,161,0,1,0,4,0,0,0,0,0,0,0,0,0,0,0,0,3,3,0
135,S,S3,S37,0,0,50,2,5,0,0,0,0,0,4,8,2,0,53,127,0,0,120,0,1,42,0,0,0,0,5,7,0,0,0,6,78,0,0,4,6,0,24,0,48,0,0,0,0,0,0,0,18,0,50,0,18,0,75,2,6,0,39,4,0,2,0,1,1,2,0,0,0,0,0,0,0,0,0,187,0
136,S,S3,S38,0,0,32,0,2,0,0,0,0,0,1,15,3,0,7,32,0,0,9,0,0,65,0,0,0,0,2,48,1,0,0,1,387,0,0,1,0,0,0,0,3,0,0,0,0,0,0,0,0,0,5,0,0,0,18,0,2,0,7,1,0,38,2,15,0,0,0,0,0,0,0,0,0,0,0,254,0
137,S,S4,S41,0,0,5,0,0,0,0,0,0,0,0,9,38,0,107,0,0,0,174,0,0,8,0,0,0,0,0,0,0,0,0,15,1703,0,2,6,1,0,0,0,0,0,0,0,0,0,0,0,108,0,1,0,30,0,1,0,0,0,18,0,0,2,3,2,5,0,0,0,0,0,0,0,0,0,0,88,0
138,S,S4,S42,0,0,58,0,9,0,0,0,0,3,0,56,268,0,183,168,0,0,521,0,0,188,1,0,0,0,10,2,0,0,0,21,2569,0,1,8,137,0,2,0,2,0,0,0,0,0,0,0,54,0,54,0,281,0,92,0,1,0,53,2,0,94,6,323,0,7,0,0,0,0,3011,0,0,0,1,1127,0
139,S,S4,S43,0,0,0,0,0,0,0,0,0,16,0,0,0,0,0,0,0,0,0,0,0,0,0,0,0,0,0,0,0,0,0,0,0,0,0,0,0,0,0,0,0,0,0,0,2,0,0,0,0,0,0,0,0,0,0,0,0,0,0,0,0,0,0,0,0,0,0,0,0,0,0,0,0,0,0,0,0
140,S,S5,S51,93,0,2,17,8,0,0,0,0,0,11,0,0,0,98,0,0,0,0,0,5,0,34,123,2,30,0,0,1,1,22,0,1,17,0,17,79,0,66,0,466,0,0,0,0,0,0,0,0,0,334,6,88,0,0,20,0,0,8,3,0,0,0,0,0,8,0,0,0,24,2462,786,0,0,0,3,0
141,S,S5,S52,7,0,11,3,13,0,0,0,0,0,3,0,0,0,36,0,0,0,0,0,1,0,1,0,0,0,0,0,0,0,2,0,3,6,0,4,12,0,14,0,88,0,0,0,0,0,0,0,0,0,204,0,2,0,0,24,1,0,90,0,0,0,0,0,0,0,0,0,0,3,1,13,0,0,0,34,0
142,S,S5,S53,11,0,1,0,15,0,0,0,0,0,0,0,0,1,0,0,0,0,0,0,0,0,1,5,0,0,0,0,0,0,0,0,1,2,0,0,1,0,24,0,189,0,0,0,0,0,0,0,0,0,77,0,0,0,0,3,2,0,0,0,0,0,0,0,0,6,0,0,0,2,0,46,0,0,0,2,0
143,S,S5,S54,6,0,0,0,0,0,0,0,0,0,0,0,0,9,0,0,0,0,0,0,0,0,0,11,0,0,0,0,0,0,0,0,0,0,0,0,1590,0,7,0,21,0,0,0,0,0,0,0,0,0,2,0,16,0,0,0,0,0,0,0,0,0,0,0,0,0,0,0,0,0,585,117,0,0,0,0,0
144,S,S6,S61,0,0,4,0,2,0,0,0,0,0,0,0,0,0,97,0,0,0,0,0,0,0,0,0,0,0,0,0,0,0,0,0,0,0,0,46,1253,0,3,0,113,0,0,0,0,0,0,0,0,0,375,0,96,0,0,0,0,0,43,0,0,0,0,0,0,2,0,0,2,0,1505,15,0,0,0,0,0
145,S,S6,S62,0,0,0,0,0,0,0,0,0,0,0,0,0,0,0,0,0,0,0,0,0,0,1,0,0,0,0,0,0,0,0,0,0,0,0,3,25,0,0,0,34,0,0,0,0,0,0,0,0,0,23,0,38,0,0,0,0,0,0,0,0,0,0,0,0,0,0,0,0,0,16,23,0,0,0,0,0
146,S,S6,S63,66,0,0,3,0,0,0,0,0,0,3,0,0,0,0,0,0,0,0,0,0,0,0,182,0,0,0,0,0,0,7,0,0,1,0,0,0,0,78,0,1,0,0,0,0,0,0,0,0,0,0,0,0,0,0,15,0,0,0,12,0,0,0,0,0,3,0,0,0,5,3,51,0,0,0,0,0
147,S,S6,S64,0,0,0,0,0,0,0,0,0,0,0,0,0,25,0,0,0,0,0,0,0,0,0,0,0,0,0,0,0,0,0,0,0,0,0,0,0,0,0,0,0,0,0,0,2,5,0,0,0,0,0,0,0,0,0,0,0,0,0,0,0,0,0,0,0,0,0,0,0,0,0,0,0,0,0,0,0
148,S,S6,S65,0,0,0,0,0,0,0,0,0,0,0,0,0,0,0,0,0,0,0,0,0,0,0,0,0,0,0,0,0,0,0,0,0,0,0,1,56,0,0,0,0,0,0,0,0,0,0,0,0,0,1,0,1,0,0,0,0,0,0,0,0,0,0,0,0,0,0,0,0,0,0,0,0,0,0,0,0
149,S,S6,S66,0,0,0,0,0,0,0,0,0,0,0,0,0,10,0,0,0,0,0,1,1,0,0,0,0,0,0,0,0,0,0,0,0,0,0,0,46,0,0,0,0,0,0,0,0,19,0,0,0,1,0,0,0,0,0,0,0,0,0,0,0,0,0,0,0,0,0,0,0,0,0,13,0,0,0,0,0
150,S,S6,S67,0,0,0,0,0,0,0,0,0,0,0,0,0,0,0,0,168,0,0,0,0,0,0,0,0,0,0,0,0,1,0,0,0,0,0,0,0,0,0,0,0,1,10,0,0,0,0,0,0,0,0,0,0,0,0,0,0,13,0,0,0,0,0,0,0,0,0,0,0,0,0,0,0,0,0,0,0
151,S,S6,S68,0,0,0,0,0,0,0,0,0,0,0,0,0,0,0,0,24,0,0,0,0,0,0,0,0,0,0,0,0,0,0,0,0,0,0,0,0,0,0,0,0,9,0,0,0,0,0,0,0,0,0,0,0,0,0,0,0,6,0,0,0,0,0,0,0,0,0,0,0,0,0,0,0,0,0,0,0
152,S,S7,S71,0,0,0,0,0,0,0,0,0,0,0,0,0,0,0,0,0,0,0,0,0,0,0,0,0,0,0,0,0,0,0,0,0,0,0,0,0,0,0,0,0,0,0,0,0,0,0,0,0,0,0,0,0,0,0,0,0,0,0,0,0,0,0,0,0,0,0,0,0,0,0,65,0,0,0,0,0
153,S,S7,S72,101,0,0,12,0,0,0,0,0,0,1,0,0,0,0,0,11,0,0,2,0,0,0,121,0,7,0,0,0,0,5,0,0,2,0,0,0,0,0,0,0,0,0,0,0,0,0,0,0,0,0,0,0,0,0,2,0,0,0,0,0,0,0,0,0,0,0,0,0,8,0,12,0,0,0,0,0
154,S,S7,S73,0,0,0,0,0,0,0,0,0,0,0,0,0,0,8,0,0,0,0,0,0,0,0,0,0,0,0,0,0,0,0,0,0,0,0,16,32,0,0,0,0,0,0,0,0,0,0,0,0,0,8,0,18,0,0,0,0,0,30,0,0,0,0,0,0,0,0,0,0,0,0,0,0,0,0,1,0
155,S,S7,S74,0,0,0,0,7,0,0,0,0,0,0,0,0,0,0,0,0,0,0,0,0,0,49,0,0,0,0,0,0,0,0,0,0,0,0,0,0,0,0,0,14,0,0,0,0,0,0,0,0,0,26,0,0,0,0,12,0,0,0,0,0,0,0,0,0,154,0,0,0,0,0,126,0,0,0,0,0
156,S,S7,S75,59,0,0,27,0,0,0,0,0,0,11,0,0,0,0,0,0,0,0,0,18,0,5,119,1,1,0,0,2,1,0,0,0,0,0,0,0,0,12,0,0,0,0,0,0,0,0,0,0,0,0,40,0,0,0,106,0,0,0,0,0,0,0,0,0,19,0,0,0,57,0,2,0,0,0,0,0
157,S,S7,S76,0,0,0,0,0,0,0,0,0,0,0,0,0,64,0,0,0,0,0,0,0,0,0,0,0,0,0,0,0,0,0,0,0,0,0,0,0,0,0,0,0,0,0,0,0,1,0,0,0,0,0,0,0,0,0,0,0,0,0,0,0,0,0,0,0,0,0,0,0,0,0,0,0,0,0,0,0
158,S,S8,S81,0,0,0,0,0,0,0,0,0,0,0,0,0,98,0,0,0,0,0,0,0,0,0,0,0,0,0,0,0,0,0,0,0,0,0,0,0,0,0,0,0,0,0,0,1,19,0,0,0,0,0,0,0,0,0,0,0,0,0,0,0,0,0,0,0,0,0,0,0,0,0,0,0,0,0,0,0
159,S,S8,S82,0,0,0,0,0,0,0,0,0,0,0,0,0,0,0,0,0,0,0,0,0,0,0,0,0,0,0,0,0,0,0,0,0,0,0,0,0,0,0,0,0,0,0,0,5,0,0,0,0,0,0,0,0,0,0,0,0,0,0,0,0,0,0,0,0,0,0,0,0,0,0,0,0,0,0,0,0
160,S,S9,S91,0,0,809,0,14,0,0,0,0,0,5,18,1,0,121,128,1,0,62,0,0,188,0,0,0,0,74,22,0,0,0,2,477,3,0,25,40,0,3,0,51,0,0,0,0,0,0,0,3,0,29,0,59,0,150,2,17,10,29,9,0,6,0,8,0,1,0,0,0,0,1,1,0,0,0,391,0
161,S,S9,S92,0,0,419,0,1,0,0,0,0,0,4,166,22,0,45,51,0,0,312,0,0,203,0,0,0,0,3,21,2,0,0,7,1711,0,0,0,4,0,4,0,30,1,0,0,0,0,0,0,104,0,3,0,2,0,202,1,10,25,7,1,0,85,4,27,1,0,0,0,0,0,3,4,2,0,3,420,0
162,S,S9,S93,128,0,0,1,0,0,0,0,0,0,10,0,0,3,1,0,0,0,0,2,8,0,0,72,0,0,0,0,3,3,39,0,0,4,0,0,41,0,23,0,1,0,0,0,0,6,0,0,0,0,10,2,0,0,0,5,0,0,0,8,0,0,0,0,0,0,0,0,0,5,2,129,0,0,0,0,0
163,S,S9,S94,0,0,0,1,0,0,0,0,0,0,0,0,0,0,0,0,48,0,0,2,0,0,0,0,0,0,0,0,0,0,15,0,0,0,0,0,0,0,0,0,0,0,0,0,0,0,0,0,0,0,0,0,0,0,0,0,0,11,0,0,0,0,0,0,0,0,0,0,0,0,0,0,0,0,0,0,0
164,T,T1,T11,10,0,2060,0,4,0,0,0,0,0,98,27,0,0,27,57,17,1,16,0,1,207,0,0,0,0,63,86,0,0,0,0,1167,0,0,12,141,0,19,0,76,0,0,0,0,0,0,0,0,0,78,1,37,0,1393,11,36,65,8,33,0,57,0,0,0,0,0,0,0,0,0,3,0,0,0,723,0
165,T,T1,T12,0,0,1339,0,11,0,0,0,0,0,5,385,14,0,368,628,0,27,245,0,0,762,1,0,7,0,105,85,0,0,0,3,726,21,0,5,34,0,9,0,36,2,0,0,0,0,0,0,23,0,37,9,49,0,691,4,1,0,40,19,0,531,1,75,5,14,0,0,0,0,45,13,17,0,0,2849,0
166,T,T1,T13,12,0,78,0,2,0,0,0,0,0,86,226,1,0,88,24,0,6,208,0,0,987,0,0,2,0,30,65,0,0,0,42,3808,9,0,3,39,0,46,0,105,0,0,0,0,0,0,0,14,0,71,0,16,0,930,7,48,57,31,25,0,225,0,2,0,0,0,0,0,0,2,8,1,0,0,1842,0
167,T,T1,T14,204,0,0,1,0,0,0,0,0,0,0,0,0,0,0,0,0,0,0,0,1,0,0,97,0,0,0,0,3,0,1,0,0,0,0,32,181,0,24,0,0,0,0,0,0,0,0,0,0,0,22,0,10,0,0,66,0,0,0,0,0,0,0,0,0,6,0,0,2,20,180,145,0,0,0,0,0
168,T,T1,T15,0,0,679,0,0,0,0,0,0,0,0,181,1,0,10,3,0,0,35,0,0,279,0,0,0,0,0,5,0,0,0,12,1252,0,0,0,3,0,0,0,4,0,0,0,0,0,0,0,2,0,1,0,0,0,101,0,2,1,4,0,0,56,0,0,0,0,0,0,0,0,0,0,0,0,0,338,0
169,T,T1,T16,0,0,63,0,0,0,0,0,0,0,0,208,10,0,8,31,0,0,207,0,0,160,0,0,0,0,2,36,0,0,0,23,1677,0,0,6,0,0,0,0,0,7,0,0,0,0,0,0,33,0,0,0,2,0,36,0,0,0,4,0,0,164,14,222,0,0,0,0,0,0,0,0,23,0,16,355,8
170,T,T1,T17,164,0,4624,12,1079,0,0,0,0,0,495,322,0,0,903,2204,0,197,11,0,0,705,33,0,89,0,2021,0,0,0,1,104,1093,83,0,6,23,0,159,0,482,0,0,0,0,0,0,0,0,0,1042,49,122,0,3119,303,20,1,891,732,0,11,0,0,0,306,0,0,0,1,0,46,0,0,0,19768,0
171,T,T1,T18,22,0,503,1,52,0,0,0,0,0,80,209,0,0,398,268,0,1,8,0,0,212,24,0,0,0,66,0,0,0,0,53,1218,1,0,18,1,0,2,0,37,0,0,0,0,0,0,0,0,0,290,1,37,0,419,17,0,0,238,209,0,30,0,0,0,10,0,0,0,0,0,3,0,0,0,4908,0
172,T,T1,T19,86,0,812,46,610,0,0,0,0,0,1051,14,0,0,260,80,0,4,0,0,33,537,16,54,16,0,773,136,4,0,5,1,1092,36,0,50,144,0,429,0,3733,0,0,0,0,0,0,0,0,0,2414,47,174,0,2285,116,89,198,152,305,0,38,0,0,0,204,0,0,0,31,248,471,0,0,0,1397,0
173,T,T1,T1A,51,0,4,11,0,0,0,0,0,0,0,0,0,0,0,0,0,0,0,0,2,0,2,24,0,0,0,0,0,0,0,0,9,2,0,0,1,0,10,0,93,0,0,0,0,0,0,0,0,0,238,1,0,0,0,0,0,0,1,0,0,0,0,0,0,4,0,0,0,1,0,56,0,0,0,6,0
174,T,T1,T1B,14,0,243,1,7,0,0,0,0,0,15,110,5,1,385,49,0,1,360,0,0,806,3,5,1,0,23,2,0,0,0,63,5084,2,0,24,16,0,33,0,95,0,0,0,0,0,0,0,65,0,467,0,189,0,509,2,3,0,110,0,0,59,0,0,0,11,0,0,0,0,193,12,0,0,0,3262,0
175,T,T1,T1C,0,0,66,0,0,0,0,0,0,0,0,0,58,0,0,15,0,31,0,0,0,0,0,0,1,0,3,0,0,0,0,0,0,0,0,0,0,0,0,0,0,0,0,0,0,0,0,0,1,0,0,2,0,0,1,0,0,0,0,0,0,1,52,99,0,0,0,0,0,0,0,0,7,0,0,85,0
176,T,T1,T1D,3,0,2,1,24,0,0,0,0,0,2,0,0,0,4,0,0,28,0,0,0,0,14,0,5,0,6,0,1,1,0,0,0,0,0,20,5,0,0,0,9,0,0,0,0,0,0,0,0,0,7,5,4,0,0,1,0,0,89,6,0,0,0,0,0,35,0,0,0,4,0,6,0,0,0,4,0
177,T,T1,T1E,51,0,2342,8,90,0,0,0,0,0,204,417,8,0,434,427,0,96,356,0,4,2394,0,0,219,0,93,1004,0,0,0,155,4101,37,0,9,7,0,167,0,558,0,0,0,0,0,0,0,25,0,224,15,14,0,4471,20,64,41,211,122,0,1190,1,38,4,37,0,0,0,3,1,79,48,0,0,11994,0
178,T,T1,T1F,0,0,1287,1,31,0,0,0,0,0,9,24,2,0,74,658,0,1,168,0,0,332,2,0,0,0,434,1,0,0,0,18,359,1,0,26,9,0,13,0,123,0,0,0,0,0,0,0,6,0,88,0,5,0,587,3,6,3,52,20,0,0,0,0,1,3,0,0,0,0,1,7,0,0,0,2494,0
179,T,T1,T1G,0,0,1129,0,0,0,0,0,0,0,0,0,0,0,0,0,0,0,0,0,0,0,0,0,0,0,0,0,0,0,0,0,0,0,0,0,0,0,0,0,24,0,0,0,0,0,0,0,0,0,0,0,0,0,0,0,0,0,0,0,0,0,0,0,0,20,0,0,0,0,0,73,0,0,0,0,0
180,T,T1,T1H,4,0,106,0,3,0,0,0,0,0,61,13,0,0,112,19,6,0,79,0,0,536,1,1,0,0,1,96,0,0,0,0,2728,0,0,3,7,0,24,0,91,0,0,0,0,0,0,0,4,0,83,0,4,0,782,0,54,166,15,15,0,68,0,0,0,0,0,0,0,0,1,10,0,0,0,1055,0
181,T,T2,T21,452,0,50,52,74,0,0,0,0,0,1,0,0,0,299,0,0,0,0,0,7,0,149,445,0,29,9,0,1,0,29,0,24,5,0,84,4859,0,127,0,1931,0,0,0,0,0,0,0,0,0,2002,3,304,0,0,47,8,0,74,1,0,0,0,0,0,62,0,0,0,93,10793,1232,0,0,0,30,0
182,T,T2,T22,0,0,2,1,0,0,0,0,0,0,0,0,0,0,19,0,0,0,0,0,0,0,0,2,0,0,0,0,0,0,0,0,0,5,0,0,12,0,1,0,28,0,0,0,0,0,0,0,1,0,33,0,33,0,0,0,0,0,0,0,0,0,0,0,0,9,0,0,0,3,9,46,0,0,0,1,0
183,T,T2,T23,0,0,0,0,0,0,0,0,0,1,0,0,0,29,0,0,0,0,0,0,0,0,0,0,0,0,0,0,0,0,0,0,0,0,0,0,0,0,0,0,0,0,0,0,4,0,0,0,0,0,0,0,0,0,0,0,0,0,0,0,0,0,0,0,0,0,0,0,0,0,1,0,0,0,0,0,0
184,T,T2,T24,68,0,0,1,0,0,0,0,0,0,0,0,0,3,0,0,0,0,0,0,0,0,0,134,0,12,0,0,0,0,2,0,0,0,0,1,9,0,13,0,128,0,0,0,0,0,0,0,0,0,63,1,0,0,0,0,0,0,0,0,0,0,0,0,0,1,0,0,0,4,12,200,0,0,0,0,0
185,T,T2,T25,0,0,0,0,0,0,0,0,0,0,0,0,0,0,0,0,0,0,0,0,0,0,0,25,0,0,0,0,0,0,0,0,0,0,0,0,0,0,0,0,0,0,0,0,0,0,0,0,0,0,0,0,0,0,0,0,0,0,0,0,0,0,0,0,0,0,0,0,0,0,0,0,0,0,0,0,0
186,T,T2,T26,0,0,0,0,0,0,0,0,0,0,0,0,0,0,0,0,0,0,0,0,0,0,0,0,0,0,0,0,0,0,0,0,0,0,0,0,0,0,0,0,0,0,0,0,0,1,0,0,0,0,0,0,0,0,0,0,0,0,0,0,0,0,0,0,0,0,0,0,0,0,0,0,0,0,0,0,0
187,T,T2,T27,1,0,32,0,4,0,0,0,0,0,3,1,0,0,61,0,0,0,119,0,0,0,7,0,0,0,4,0,0,0,0,26,294,0,0,3,1,0,0,0,26,0,0,0,0,0,0,0,20,0,47,0,21,0,1,1,0,0,37,0,0,0,0,0,0,62,0,0,0,0,0,24,0,0,0,270,0
188,T,T2,T28,0,0,0,0,0,0,0,0,0,0,0,0,0,18,0,0,0,0,0,0,0,0,0,0,0,0,0,0,0,0,0,0,0,0,0,0,0,0,0,0,0,0,0,0,3,0,0,0,0,0,0,0,0,0,0,0,0,0,0,0,0,0,0,0,0,0,0,0,0,0,0,0,0,0,0,0,0
189,T,T2,T29,0,0,1,0,0,0,0,0,0,0,0,0,0,0,10,0,0,0,0,0,0,0,0,0,0,0,0,0,0,0,0,0,0,0,0,0,0,0,0,0,4,0,0,0,0,0,0,0,0,0,0,1,1,0,0,0,0,0,0,0,0,0,0,0,0,0,0,0,0,0,0,7,0,0,0,1,0
190,T,T2,T2A,0,0,0,0,0,0,0,0,0,0,0,0,0,0,0,0,0,0,0,0,0,0,0,0,0,0,0,0,0,0,0,0,0,0,0,0,527,0,0,0,0,0,0,0,0,0,0,0,0,0,0,0,142,0,0,0,0,0,0,0,0,0,0,0,0,0,0,0,0,0,6176,0,0,0,0,0,0
191,T,T3,T31,0,0,8820,0,15,0,0,0,0,0,2,0,0,0,0,1922,0,110,0,0,0,2,0,0,1,0,541,0,0,0,0,0,0,79,0,0,0,0,3,0,0,0,0,0,0,0,0,0,0,0,27,162,0,0,41,0,3,0,0,112,0,0,0,0,0,0,0,0,0,0,0,0,0,0,0,2292,0
192,T,T3,T32,2,0,1441,6,125,0,0,0,0,0,1,0,0,0,0,556,0,180,0,0,0,9,18,0,4,0,335,0,0,0,0,0,0,32,0,0,0,0,2,0,18,0,0,0,0,0,0,0,0,0,409,12,0,0,210,8,0,0,963,77,0,0,0,0,0,0,0,0,0,0,0,0,0,0,0,3295,0
193,T,T3,T33,50,0,2,0,63,0,0,0,0,0,5,0,0,0,0,0,0,0,0,0,1,0,0,0,0,0,0,0,0,0,1,0,0,0,0,0,6,0,16,0,11,0,0,0,0,0,0,0,0,0,1,0,0,0,0,100,0,0,0,7,0,0,0,0,0,56,0,0,0,10,9,2,0,0,0,0,0
194,T,T3,T34,0,0,3415,0,19,0,0,0,0,0,0,0,0,0,0,113,0,0,0,0,0,0,0,0,0,0,228,0,0,0,0,0,0,0,0,0,0,0,0,0,4,0,0,0,0,0,0,0,0,0,303,0,2,0,2,0,0,0,361,0,0,0,0,0,0,0,0,0,0,0,0,0,0,0,0,70,0
195,T,T3,T35,0,0,1669,6,0,0,0,0,0,0,6,376,154,0,0,101,0,48,0,0,0,2277,0,0,0,0,6,356,0,0,0,0,0,17,0,0,0,0,1,0,7,0,0,0,0,0,0,0,0,0,210,35,0,0,233,0,1,1,0,39,0,415,0,0,0,0,0,0,0,0,0,0,0,0,0,1320,0
196,T,T3,T36,23,0,758,1,0,0,0,0,0,0,25,0,0,0,0,54,0,0,0,0,0,2,0,0,61,0,241,0,0,0,0,0,0,0,0,2,7,0,27,0,45,0,0,0,0,0,0,0,0,0,317,2,0,0,106,46,5,0,22,2,0,0,0,0,0,0,0,0,0,1,0,7,0,0,0,128,0
197,T,T3,T37,0,0,0,0,31,0,0,0,0,0,0,0,0,0,7,0,0,0,0,0,0,0,157,0,0,0,0,0,0,0,0,0,0,0,0,77,34,0,0,0,2,0,0,0,0,0,0,0,0,0,22,0,43,0,0,0,0,0,40,0,0,0,0,0,0,78,0,0,0,0,1,9,0,0,0,1,0
198,T,T3,T38,8,0,0,1,0,0,0,0,0,0,0,0,0,0,0,0,0,0,0,0,2,0,0,0,0,1,0,0,1,0,1,0,0,0,0,0,0,0,0,0,0,0,0,0,0,0,0,0,0,0,0,1,0,0,0,0,0,0,0,0,0,0,0,0,0,0,0,0,0,40,0,0,0,0,0,0,0
199,T,T3,T39,24,0,0,0,0,0,0,0,0,0,15,0,0,0,0,0,0,0,0,0,0,0,0,0,0,0,29,0,0,0,0,0,0,0,0,0,0,0,9,0,0,0,0,0,0,0,0,0,0,0,0,0,0,0,0,37,0,0,0,22,0,0,0,0,0,5,0,0,0,0,0,0,0,0,0,0,0
200,T,T3,T3A,458,0,0,35,0,0,0,0,0,0,0,0,0,0,0,0,0,0,0,0,0,0,48,129,0,85,0,0,0,0,65,0,0,0,0,27,290,0,46,0,1129,0,0,0,0,1,0,0,0,0,1048,0,458,0,0,0,0,0,0,0,0,0,0,0,0,1,0,0,0,183,1554,467,0,0,0,0,0
201,T,T3,T3B,0,0,0,0,0,0,0,0,0,0,0,0,0,37,0,0,0,0,0,0,0,0,0,0,0,0,0,0,0,0,0,0,0,0,0,0,0,0,0,0,0,0,0,0,0,0,0,0,0,0,0,0,0,0,0,0,0,0,0,0,0,0,0,0,0,0,0,0,0,0,0,0,0,0,0,0,0
202,T,T3,T3C,1,0,20,0,2,0,0,0,0,0,1,0,0,0,7,1,0,1,7,0,0,4,0,0,0,0,3,0,0,0,0,24,27,1,0,0,2,0,0,0,12,0,0,0,0,0,0,0,0,0,49,0,0,0,0,0,0,0,0,0,0,0,0,0,0,9,0,0,0,0,0,42,0,0,0,20,0
203,T,T3,T3D,56,0,7,7,0,0,0,0,0,0,1,0,0,0,0,0,0,2,0,1,9,0,2,151,1,11,0,0,0,0,2,0,0,1,0,4,3,0,8,0,0,0,0,0,0,0,0,0,0,0,6,7,0,0,0,47,0,0,2,2,0,0,0,0,0,0,0,0,0,18,0,2,0,0,0,0,0
204,T,T3,T3E,0,0,0,0,0,0,0,0,0,0,0,0,0,14,0,0,0,0,0,0,0,0,0,0,0,0,0,0,0,0,0,0,0,0,0,0,0,0,0,0,0,0,0,0,1,0,0,0,0,0,0,0,0,0,0,0,0,0,0,0,0,0,0,0,0,0,0,0,0,0,0,0,0,0,0,0,0
205,T,T3,T3F,0,0,0,0,0,0,0,0,0,0,0,0,0,0,0,0,0,0,0,0,0,365,0,0,0,0,0,0,0,0,0,0,0,0,0,0,0,0,0,0,0,0,0,0,0,0,0,0,0,0,0,0,0,0,0,0,0,0,0,0,0,3032,58,2966,3,0,0,0,0,0,0,0,339,0,223,0,0
206,T,T3,T3G,0,0,0,0,0,0,0,0,0,0,0,0,0,0,0,0,0,0,0,0,0,0,0,0,0,0,0,0,0,0,0,0,0,0,0,0,0,0,0,0,0,0,0,0,0,0,0,0,0,0,0,0,0,0,0,0,0,0,0,0,0,4690,46,4626,0,0,0,0,0,0,0,0,223,0,54,0,0
207,T,T3,T3H,0,0,0,0,0,0,0,0,0,0,0,0,0,0,0,0,0,0,0,0,0,0,0,0,0,0,0,5,0,0,0,0,0,0,0,0,0,0,0,0,0,0,0,0,0,0,0,0,0,0,0,0,0,0,0,0,0,0,0,0,0,0,0,28,0,0,0,0,0,0,0,0,33,0,2,0,0
208,T,T3,T3J,0,0,202,0,0,0,0,0,0,0,0,120,19,0,0,150,0,0,14,0,0,370,0,0,0,0,11,18,0,0,0,0,32,0,0,5,0,0,0,0,0,0,0,0,0,0,0,0,2,0,0,0,0,0,0,0,0,0,4,8,0,615,7,1239,0,0,0,0,0,0,0,0,12,0,6,371,0
209,T,T3,T3K,0,0,213,0,0,0,0,0,0,0,0,3,0,0,0,168,0,0,1,0,0,53,0,0,0,0,38,2,0,0,0,0,1,0,0,0,0,0,0,0,0,0,0,0,0,0,0,0,0,0,0,0,0,0,7,0,0,0,0,1,0,134,6,536,0,0,0,0,0,0,0,0,67,0,10,706,0
210,T,T3,T3M,4,0,109,2,8,0,0,0,0,0,15,40,4,0,799,58,0,0,338,0,0,242,0,0,1,0,48,0,0,0,1,43,8752,1,0,0,1,0,9,0,22,0,0,0,0,1,0,0,39,0,184,0,0,0,273,0,5,20,29,2,0,1,1,193,0,2,0,0,0,0,19,7,0,0,0,2246,0
211,U,U2,U21,0,0,0,0,0,0,0,0,0,0,0,0,0,0,0,0,0,0,0,0,0,0,0,0,0,0,0,0,0,0,0,0,0,0,0,0,0,0,0,0,0,0,0,0,0,0,0,0,0,0,0,0,0,0,0,0,0,0,0,0,0,0,23,0,0,0,0,0,0,0,0,0,0,0,0,0,0
212,U,U2,U22,0,0,3060,0,12,0,0,0,0,0,2,0,0,0,3,12,0,57,0,1,0,1,0,0,1,0,0,0,0,0,0,0,1,1,0,0,0,0,0,0,0,0,0,0,0,0,0,0,1,0,0,0,0,0,0,0,0,3,120,7,0,0,0,0,0,0,0,0,0,0,0,0,0,0,0,24,0
213,U,U2,U23,0,0,5,0,1,0,0,0,0,0,0,0,0,0,1,0,0,0,4,0,0,4,0,0,0,0,0,0,0,0,0,0,6,0,0,0,0,0,0,0,0,0,0,0,0,0,0,0,0,0,0,0,0,0,1,0,0,0,1,0,0,3,0,0,0,0,0,0,0,0,0,0,0,0,0,80,0
214,U,U2,U24,1,0,0,0,0,0,0,0,0,0,0,0,0,0,0,0,0,0,0,0,0,0,42,0,0,0,0,0,0,0,0,0,0,0,0,25,0,0,0,0,0,0,0,0,0,0,0,0,0,0,10,0,29,0,0,3,0,0,0,0,0,0,0,0,0,0,0,0,0,4,0,1,0,0,0,0,0
215,U,U2,U25,0,0,0,0,0,0,0,0,0,0,0,0,0,0,0,0,0,0,0,0,0,0,0,0,0,0,0,0,0,0,0,0,0,0,0,0,0,0,0,0,0,0,0,0,0,0,0,0,0,0,0,0,0,0,0,0,0,0,0,0,0,0,19,4,0,0,0,0,0,0,0,0,0,0,0,0,0
216,U,U2,U26,0,0,3349,0,86,0,0,0,0,0,2,0,0,0,5,32,0,4,0,0,0,1,0,0,0,0,17,0,0,0,0,0,0,1,0,0,0,0,0,0,0,0,0,0,0,0,0,0,0,0,0,0,0,0,1,0,0,0,76,8,0,0,0,0,0,0,0,0,0,0,0,0,0,0,0,56,0
217,U,U2,U27,0,0,324,0,24,0,0,0,0,0,5,3,0,0,19,10,11,4,2,2,3,96,0,0,0,0,12,33,1,0,0,0,19,0,0,0,0,0,0,0,0,4,13,0,0,0,0,0,0,0,0,2,0,0,209,0,3,247,17,6,0,6,0,0,0,0,0,0,0,0,0,0,0,0,0,177,0
218,U,U2,U28,0,0,0,0,0,0,0,0,0,0,0,0,0,0,0,0,0,0,0,0,0,0,6,0,0,0,0,0,0,0,0,0,0,0,0,14,5,0,0,0,22,0,0,0,0,0,0,0,0,0,59,0,4,0,0,0,0,0,0,0,0,0,0,0,0,6,0,0,0,0,0,0,0,0,0,0,0
219,U,U2,U29,8,0,0,6,0,0,0,0,0,0,0,0,0,0,0,0,0,0,0,0,0,0,0,34,0,0,0,0,0,0,0,0,0,0,0,0,0,0,7,0,0,0,0,0,0,0,0,0,0,0,0,0,0,0,0,9,0,0,0,0,0,0,0,0,0,0,0,0,0,39,0,0,0,0,0,0,0
220,U,U2,U2A,0,0,0,0,0,0,0,0,0,0,0,0,0,0,0,0,0,0,0,0,0,0,0,0,12,0,0,0,0,0,0,0,0,0,0,0,0,0,0,0,0,0,0,0,0,0,0,0,0,0,0,0,0,0,0,0,0,3,0,0,0,0,0,0,0,0,0,0,0,0,0,0,0,0,0,0,0
221,U,U3,U31,0,0,1771,0,0,0,0,0,0,0,0,0,0,0,0,0,0,0,0,0,0,2,0,0,0,0,0,0,0,0,0,0,0,0,0,0,0,0,0,0,0,0,0,0,0,0,0,0,0,0,0,0,0,0,11,0,0,0,0,0,0,0,0,0,0,0,0,0,0,0,0,0,0,0,0,6,0
222,U,U3,U32,0,0,64,0,0,0,0,0,0,0,4,0,0,0,0,16,0,0,0,0,0,1,0,0,0,0,0,0,0,0,0,0,0,0,0,0,0,0,0,0,0,0,0,0,0,0,0,0,0,0,0,0,0,0,2,0,0,0,32,5,0,0,0,0,0,0,0,0,0,0,0,0,0,0,0,1,0
223,U,U3,U33,0,0,15,0,2,0,0,0,0,0,1,0,0,0,6,35,0,2,0,0,1,14,0,0,0,0,0,3,0,0,0,0,18,0,0,0,0,0,0,0,0,0,0,0,0,0,0,0,0,0,0,0,0,0,4,0,0,29,2,0,0,11,0,0,0,0,0,0,0,0,0,0,0,0,0,140,0
224,U,U3,U34,0,0,0,0,0,0,0,0,0,0,0,0,0,0,0,0,0,0,0,0,0,0,30,2,0,0,0,0,0,0,0,0,0,0,0,6,7,0,0,0,9,0,0,0,0,0,0,0,0,0,56,0,5,0,0,1,0,0,0,0,0,0,0,0,0,0,0,0,0,1,1,17,0,0,0,0,0
225,U,U3,U35,0,0,2232,0,0,0,0,0,0,0,0,0,0,0,0,0,0,0,0,0,0,0,0,0,0,0,0,0,0,0,0,0,0,0,0,0,0,1,0,0,0,0,0,0,0,0,0,0,0,0,0,0,0,0,0,0,0,0,0,0,0,0,4,0,0,0,0,0,0,0,0,0,0,0,3,95,0
226,U,U3,U36,0,0,344,0,31,0,0,0,0,0,8,0,0,0,9,11,0,1,0,0,0,0,0,0,0,0,50,0,0,0,0,0,0,0,0,0,0,0,0,0,0,0,0,0,0,0,0,0,0,0,0,0,0,0,2,0,0,0,54,0,0,0,0,0,0,0,0,0,0,0,0,0,0,0,0,5,0
227,U,U3,U37,0,0,172,0,28,0,0,0,0,0,17,3,0,0,45,36,0,1,6,1,0,205,0,0,0,0,107,6,0,0,0,2,65,0,0,0,0,0,0,0,0,1,3,0,0,0,0,0,0,0,0,0,0,0,115,0,5,29,16,2,0,4,0,0,0,0,0,0,0,0,0,0,0,0,0,261,0
228,U,U3,U38,10,0,0,3,0,0,0,0,0,0,0,0,0,0,0,0,0,0,0,0,0,0,3,34,0,0,0,0,0,0,0,0,0,0,0,8,18,0,42,0,83,0,0,0,0,0,0,0,0,0,168,0,5,0,0,15,0,0,0,0,0,0,0,0,0,3,0,0,0,29,1,29,0,0,0,0,0
229,U,U3,U3A,0,0,0,0,1,0,0,0,0,0,9,0,0,0,0,1,0,0,0,1,0,10,0,0,0,0,0,0,0,0,0,0,0,0,0,0,0,0,0,0,0,0,0,0,0,0,0,0,0,0,0,1,0,0,0,0,0,0,0,0,0,0,0,0,0,0,0,0,0,0,0,0,0,0,0,29,0
230,U,U3,U3B,0,0,0,1,0,0,0,0,0,0,0,0,0,0,0,0,0,0,0,0,0,0,0,0,0,0,0,0,0,0,0,0,0,0,0,0,2,0,3,0,7,0,0,0,0,0,0,0,0,0,0,0,0,0,0,23,0,0,0,0,0,0,0,0,0,0,0,0,0,0,0,0,0,0,0,0,0
231,U,U3,U3C,0,0,0,0,0,0,0,0,0,0,0,0,0,12,0,0,0,0,0,0,0,0,0,0,0,0,0,0,0,0,0,0,0,0,0,0,0,0,0,0,0,0,0,0,4,2,0,0,0,0,0,0,0,0,0,0,0,0,0,0,0,0,0,0,0,0,0,0,0,0,0,0,0,0,0,0,0
232,U,U3,U3D,0,0,4,0,0,0,0,0,0,0,0,0,0,3,18,0,0,0,3,0,0,0,2,9,0,0,0,0,0,0,0,0,0,0,0,1,1,0,1,0,15,0,0,0,0,0,0,0,0,0,6,0,1,0,0,2,0,0,8,0,0,0,0,0,0,0,0,0,0,0,0,7,0,0,0,0,0
233,U,U3,U3E,0,0,101,0,0,0,0,0,0,0,0,0,0,0,0,0,0,0,0,0,0,0,0,0,0,0,0,0,0,0,0,0,0,0,0,0,0,0,0,0,0,0,0,0,0,0,0,0,0,0,0,0,0,0,0,0,0,0,0,0,0,0,0,0,0,0,0,0,0,0,0,0,0,0,0,0,0
234,U,U4,U42,0,0,154,0,0,0,0,0,0,0,0,0,0,0,0,0,0,0,0,0,0,0,0,0,0,0,0,0,0,0,0,0,0,0,0,0,0,0,0,0,0,0,0,0,0,0,0,0,0,0,0,0,0,0,0,0,0,0,0,0,0,0,0,0,0,0,0,0,0,0,0,0,0,0,0,0,0
235,U,U4,U43,0,0,3,0,0,0,0,0,0,0,0,0,0,0,0,0,0,0,0,0,0,0,0,0,0,0,0,0,0,0,0,0,0,0,0,0,0,0,0,0,0,0,0,0,0,0,0,0,0,0,0,0,0,0,0,0,0,0,0,0,0,0,0,0,0,0,0,0,0,0,0,0,0,0,0,0,0
236,U,U5,U52,0,0,0,0,0,0,0,0,0,0,0,0,0,0,0,0,0,0,0,0,0,0,0,0,0,0,0,0,0,0,0,0,0,0,0,0,0,0,0,0,0,0,0,0,0,0,0,0,0,0,0,0,0,2,0,0,0,0,0,0,0,0,2,0,0,0,0,0,0,0,0,0,0,0,0,0,0
237,U,U6,U61,0,0,0,0,0,0,0,0,0,0,0,0,0,0,0,0,0,0,0,0,0,0,0,0,0,0,0,0,0,0,0,0,0,0,0,0,0,2,0,0,0,0,0,0,0,0,0,0,0,0,0,0,0,0,0,0,0,0,0,0,20,0,0,0,0,0,0,0,0,0,0,0,0,0,0,0,0
238,U,U6,U62,0,0,0,0,0,0,0,0,0,0,0,0,0,3,0,0,0,0,0,0,0,0,0,0,0,0,0,0,0,0,0,0,0,0,0,0,0,0,0,0,0,0,0,0,0,1,0,0,0,0,0,0,0,0,0,0,0,0,0,0,0,0,0,0,0,23,0,0,0,0,0,1,0,0,0,0,0
239,U,U7,U71,0,0,65,0,1,0,0,0,0,0,10,0,0,0,0,40,6,10,0,0,0,7,0,0,0,0,4,0,0,0,0,0,0,0,0,0,0,0,0,0,0,0,0,0,0,0,0,0,0,0,0,0,0,0,11,0,6,3,0,4,0,0,0,0,0,0,0,0,0,0,0,0,0,0,0,13,0
240,U,U7,U72,0,0,0,0,0,0,0,0,0,0,0,0,0,0,0,0,0,0,0,0,0,0,0,0,0,0,0,0,0,0,0,0,0,0,0,0,1,0,5,0,11,0,0,0,0,0,0,0,0,0,19,0,3,0,0,0,0,0,0,0,0,0,0,0,0,0,0,0,0,0,0,0,0,0,0,0,0
241,V,V1,V11,7,45,67,2,14,0,184,21,0,0,55,198,0,0,14,209,15,0,23,0,0,1521,0,5,2,0,5,83,0,4,0,6,440,1,0,4,22,0,10,1,88,3,0,0,0,1,0,0,7,0,62,0,3,0,1005,2,36,21,17,16,0,161,0,18,0,0,130,0,1,1,2,12,0,0,0,402,0
242,V,V1,V12,1,0,11,0,0,0,1,0,0,0,10,28,0,0,4,29,0,0,2,0,0,136,0,0,0,0,4,4,0,0,0,1,78,0,0,0,1,0,1,0,8,0,0,0,0,0,0,0,2,0,2,0,2,0,52,0,38,0,2,0,0,5,0,0,0,0,5,0,0,0,0,1,1,0,0,17,0
243,V,V1,V13,69,0,24,0,37,0,23,17,0,0,22,118,0,0,9,40,0,0,1,0,0,883,0,15,0,0,2,3,0,4,0,3,72,1,0,2,16,0,3,2,69,0,0,0,0,0,0,0,0,0,33,0,5,0,375,18,6,0,14,6,0,28,0,0,0,18,2,0,0,0,0,41,0,0,0,81,0
244,V,V1,V14,0,0,0,0,0,0,0,0,0,0,0,0,0,0,0,0,0,0,0,0,0,0,0,0,0,0,0,0,0,0,0,0,0,0,0,0,4,0,0,0,0,0,0,0,0,0,0,0,0,0,3,0,0,0,0,0,1,99,0,0,0,0,0,0,0,0,0,0,0,0,0,0,0,0,0,0,0
245,V,V1,V15,24,0,1423,21,107,0,1,1,0,0,487,260,2,1,213,199,2,1,133,5,26,1764,3,5,33,0,129,167,4,25,4,112,983,5,0,12,107,0,124,0,363,9,0,0,4,0,0,0,13,0,212,8,49,0,3320,4,227,114,46,67,0,125,0,13,0,10,2,0,0,8,2,101,5,0,3,2203,0
246,V,V3,V32,147,0,3,32,12,0,0,0,0,1,279,0,0,20,134,0,0,4,0,3,47,1,2,573,7,0,7,3,44,20,48,0,55,5,0,8,245,0,186,0,1038,0,0,0,9,10,0,0,0,0,1002,26,48,0,5,28,15,8,9,23,0,0,0,0,0,37,0,0,1,42,35,760,0,0,0,8,0
247,V,V3,V33,5,0,0,4,15,1,0,0,0,0,27,0,0,9,11,0,0,0,0,0,0,1,1,16,1,0,9,2,0,1,7,0,2,1,0,0,18,0,17,0,71,0,0,0,0,1,0,0,0,0,35,0,1,0,0,0,0,3,3,0,0,0,0,0,0,10,0,0,0,1,0,120,0,0,0,1,0
248,V,V3,V34,26,0,15,1,0,0,0,0,0,0,160,7,0,4,27,4,2,0,2,2,0,191,0,28,0,0,2,87,0,3,1,1,55,3,0,6,78,0,255,0,104,0,0,0,5,1,0,0,0,0,104,2,14,0,228,3,5,95,3,17,0,3,0,0,0,0,0,0,2,1,1,102,0,0,0,62,0
249,V,V3,V35,1,0,71,0,8,0,0,0,0,1,43,75,1,2,127,141,3,2,94,0,0,695,0,3,1,0,79,211,2,1,1,36,854,1,0,9,17,0,133,0,87,23,0,0,4,0,0,0,5,0,24,0,34,0,402,4,0,34,9,16,0,42,4,2,0,0,0,0,0,2,0,20,16,0,3,632,0
250,V,V3,V37,43,0,320,33,11,0,1,0,0,0,384,92,0,6,162,101,209,10,70,8,37,1380,0,85,149,0,31,788,20,16,26,44,674,6,0,15,128,0,93,0,156,109,5,0,2,1,0,0,20,0,150,15,40,0,1616,17,83,1480,19,56,0,48,0,4,0,5,0,0,1,26,5,70,23,0,4,617,0
251,V,V3,V38,23,0,200,47,5,0,1,0,0,0,361,208,0,10,145,284,251,10,33,18,38,1993,1,52,78,1,106,1122,12,17,10,30,701,8,0,49,178,3,100,0,301,95,9,0,1,3,0,0,7,0,264,39,47,0,1224,22,45,2043,51,58,0,339,0,25,0,30,1,0,1,16,3,91,15,0,6,946,0
252,V,V3,V39,2,0,31,0,11,0,0,0,0,0,74,74,0,2,96,142,33,14,26,0,1,842,0,5,4,0,54,166,2,1,0,16,453,0,0,14,15,0,39,0,81,11,0,0,3,0,0,0,1,0,38,3,17,0,528,3,8,61,17,12,0,49,0,1,0,24,0,0,0,4,0,39,7,0,0,543,0
